,clusters,silhouette_score,method,linkage,return_mode,window_size/span,df_mode,window_size,min_per_cluster,max_per_cluster,min_max_delta,silhouette_norm,delta_norm,total_score
240,4,0.3811441895655015,ahc,single,geometric,10,3day,10.0,0.0045,0.9685,0.964,0.7552625535505523,0.01893740136770128,0.3870999774591268
241,5,0.3314750828102391,ahc,single,geometric,10,3day,10.0,0.0045,0.964,0.9595,0.7035305241742891,0.02367175170962632,0.3636011379419577
242,6,0.3315745594291597,ahc,single,geometric,10,3day,10.0,0.0045,0.955,0.9505,0.7036341323868871,0.03314045239347707,0.3683872923901821
243,7,0.2327836662831349,ahc,single,geometric,10,3day,10.0,0.0045,0.9505,0.9459,0.6007401260275728,0.037980010520778484,0.3193600682741756
244,4,0.2778511363823293,ahc,average,geometric,10,3day,10.0,0.0045,0.955,0.9505,0.6476793975263173,0.03314045239347707,0.3404099249598972
245,5,0.1936263699262455,ahc,average,geometric,10,3day,10.0,0.0045,0.955,0.9505,0.5599564973746369,0.03314045239347707,0.296548474884057
246,6,0.1431013869872703,ahc,average,geometric,10,3day,10.0,0.0045,0.9279,0.9234,0.5073330444401358,0.06165176223040503,0.2844924033352704
247,7,0.1102992523321324,ahc,average,geometric,10,3day,10.0,0.0045,0.9189,0.9144,0.473168528417227,0.07112046291425556,0.2721444956657413
248,4,0.1292059084291024,ahc,complete,geometric,10,3day,10.0,0.027,0.509,0.482,0.4928604406039049,0.5260389268805892,0.5094496837422471
249,5,0.1210783439094808,ahc,complete,geometric,10,3day,10.0,0.009,0.509,0.5,0.48439531139273795,0.5071015255128879,0.4957484184528129
250,6,0.1242490018906888,ahc,complete,geometric,10,3day,10.0,0.009,0.509,0.5,0.487697657308362,0.5071015255128879,0.49739959141062495
251,7,0.0966985743203793,ahc,complete,geometric,10,3day,10.0,0.009,0.509,0.5,0.4590029691711557,0.5071015255128879,0.4830522473420218
252,4,0.3195192459171744,ahc,single,geometric,10,full,10.0,0.0045,0.9685,0.964,0.6910781217500337,0.01893740136770128,0.3550077615588675
253,5,0.3226133073347654,ahc,single,geometric,10,full,10.0,0.0045,0.964,0.9595,0.694300689792891,0.02367175170962632,0.35898622075125863
254,6,0.3235284781213747,ahc,single,geometric,10,full,10.0,0.0045,0.9595,0.955,0.6952538706554028,0.028406102051551807,0.3618299863534773
255,7,0.312943616841438,ahc,single,geometric,10,full,10.0,0.0045,0.9459,0.9414,0.6842293850052891,0.04271436086270375,0.3634718729339964
256,4,0.328841588262804,ahc,average,geometric,10,full,10.0,0.0045,0.955,0.9505,0.7007876518701539,0.03314045239347707,0.3669640521318155
257,5,0.3276487696981237,ahc,average,geometric,10,full,10.0,0.0045,0.9324,0.9279,0.6995452915971447,0.05691741188847976,0.37823135174281225
258,6,0.221467431798513,ahc,average,geometric,10,full,10.0,0.0045,0.9324,0.9279,0.5889538908196058,0.05691741188847976,0.3229356513540428
259,7,0.1944244964160042,ahc,average,geometric,10,full,10.0,0.0045,0.9234,0.9189,0.5607877727027321,0.06638611257233018,0.3135869426375311
260,4,0.1197364177726477,ahc,complete,geometric,10,full,10.0,0.018,0.9324,0.9144,0.4829976506159198,0.07112046291425556,0.2770590567650877
261,5,0.0956924995300471,ahc,complete,geometric,10,full,10.0,0.009,0.9234,0.9144,0.4579551087603649,0.07112046291425556,0.26453778583731025
262,6,0.0876352971219871,ahc,complete,geometric,10,full,10.0,0.009,0.518,0.509,0.4495632640324526,0.49763282482903726,0.47359804443074494
263,7,0.0850008325176735,ahc,complete,geometric,10,full,10.0,0.0045,0.518,0.5135,0.4468193813817618,0.492898474487112,0.4698589279344369
264,4,0.2428720910649132,ahc,single,geometric,10,weekly,10.0,0.0045,0.982,0.9775,0.6112475565264287,0.004734350341925264,0.307990953434177
265,5,0.1771826802340855,ahc,single,geometric,10,weekly,10.0,0.0045,0.9595,0.955,0.5428298467505275,0.028406102051551807,0.28561797440103964
266,6,0.0562513753915977,ahc,single,geometric,10,weekly,10.0,0.0045,0.955,0.9505,0.41687586401741544,0.03314045239347707,0.22500815820544626
267,7,-0.0220951830437158,ahc,single,geometric,10,weekly,10.0,0.0045,0.9505,0.9459,0.33527531334765037,0.037980010520778484,0.18662766193421443
268,4,0.2001980350994195,ahc,average,geometric,10,weekly,10.0,0.0135,0.9324,0.9189,0.5668011055828082,0.06638611257233018,0.31659360907756917
269,5,0.1945033293730809,ahc,average,geometric,10,weekly,10.0,0.0045,0.9324,0.9279,0.5608698798537909,0.05691741188847976,0.3088936458711353
270,6,0.1885207915170322,ahc,average,geometric,10,weekly,10.0,0.0045,0.7748,0.7703,0.5546388673727595,0.22272488164124138,0.3886818745070004
271,7,0.1644758442277237,ahc,average,geometric,10,weekly,10.0,0.0045,0.7748,0.7703,0.5295952537307764,0.22272488164124138,0.3761600676860089
272,4,0.1212152881495111,ahc,complete,geometric,10,weekly,10.0,0.0405,0.536,0.4955,0.48453794338092865,0.5118358758548132,0.49818690961787093
273,5,0.1149484787919263,ahc,complete,geometric,10,weekly,10.0,0.0405,0.536,0.4955,0.47801085266074633,0.5118358758548132,0.4949233642577797
274,6,0.1094106435999332,ahc,complete,geometric,10,weekly,10.0,0.0135,0.536,0.5225,0.4722430128192791,0.48342977380326146,0.47783639331127026
275,7,0.1098922780622448,ahc,complete,geometric,10,weekly,10.0,0.0135,0.473,0.4595,0.4727446511570832,0.5497106785902157,0.5112276648736495
276,4,0.2342865626457048,ahc,single,geometric,14,3day,14.0,0.0045,0.9685,0.964,0.6023054426571034,0.01893740136770128,0.31062142201240234
277,5,0.2037214874738832,ahc,single,geometric,14,3day,14.0,0.0045,0.9595,0.955,0.5704708986121002,0.028406102051551807,0.299438500331826
278,6,0.1649436498123969,ahc,single,geometric,14,3day,14.0,0.0045,0.955,0.9505,0.530082488831821,0.03314045239347707,0.281611470612649
279,7,0.0951232021679214,ahc,single,geometric,14,3day,14.0,0.0045,0.955,0.9505,0.45736216659197776,0.03314045239347707,0.24525130949272742
280,4,0.1498764932396878,ahc,average,geometric,14,3day,14.0,0.0135,0.9369,0.9234,0.5143895433098329,0.06165176223040503,0.28802065277011896
281,5,0.14687683199315,ahc,average,geometric,14,3day,14.0,0.0045,0.9369,0.9324,0.5112652961900013,0.05218306154655439,0.28172417886827783
282,6,0.1293350146785613,ahc,average,geometric,14,3day,14.0,0.0045,0.9369,0.9324,0.4929949090637984,0.05218306154655439,0.2725889853051764
283,7,0.0586344165329024,ahc,average,geometric,14,3day,14.0,0.0045,0.9189,0.9144,0.4193578807553902,0.07112046291425556,0.24523917183482288
284,4,0.1478416733863471,ahc,complete,geometric,14,3day,14.0,0.0225,0.5631,0.5405,0.5122702106440149,0.4644923724355602,0.48838129153978754
285,5,0.1196704051911093,ahc,complete,geometric,14,3day,14.0,0.0225,0.4054,0.3829,0.4829288963130858,0.6302998421883219,0.5566143692507038
286,6,0.0858636219496091,ahc,complete,geometric,14,3day,14.0,0.0225,0.4054,0.3829,0.4477180053183336,0.6302998421883219,0.5390089237533278
287,7,0.0868569019765424,ahc,complete,geometric,14,3day,14.0,0.009,0.4054,0.3964,0.44875253955679617,0.6160967911625461,0.5324246653596711
288,4,0.3689169023537367,ahc,single,geometric,14,full,14.0,0.0045,0.9685,0.964,0.7425274265761981,0.01893740136770128,0.3807324139719497
289,5,0.3724051398722286,ahc,single,geometric,14,full,14.0,0.0045,0.955,0.9505,0.7461605421598377,0.03314045239347707,0.3896504972766574
290,6,0.2053590726288774,ahc,single,geometric,14,full,14.0,0.0045,0.9505,0.9459,0.5721764981060012,0.037980010520778484,0.30507825431338986
291,7,0.1582269765030018,ahc,single,geometric,14,full,14.0,0.0045,0.9505,0.9459,0.5230868498189334,0.037980010520778484,0.28053343016985594
292,4,0.3785186543336392,ahc,average,geometric,14,full,14.0,0.0045,0.955,0.9505,0.7525279711387451,0.03314045239347707,0.3928342117661111
293,5,0.2493436441628873,ahc,average,geometric,14,full,14.0,0.0045,0.9324,0.9279,0.6179878946731172,0.05691741188847976,0.3374526532807985
294,6,0.1965249985980079,ahc,average,geometric,14,full,14.0,0.0045,0.9279,0.9234,0.5629755157020122,0.06165176223040503,0.3123136389662086
295,7,0.1239166324873246,ahc,average,geometric,14,full,14.0,0.0045,0.9279,0.9234,0.48735148350211,0.06165176223040503,0.2745016228662575
296,4,0.1051115153418846,ahc,complete,geometric,14,full,14.0,0.0135,0.9459,0.9324,0.4677653275161479,0.05218306154655439,0.2599741945313512
297,5,0.1032281238355838,ahc,complete,geometric,14,full,14.0,0.0135,0.518,0.5045,0.4658037125184988,0.5023671751709626,0.48408544384473073
298,6,0.0952079123464275,ahc,complete,geometric,14,full,14.0,0.0135,0.4775,0.464,0.45745039506495067,0.5449763282482903,0.5012133616566206
299,7,0.0945285757493261,ahc,complete,geometric,14,full,14.0,0.0135,0.455,0.4414,0.45674284336745824,0.568753287743293,0.5127480655553757
300,4,0.2484043548737349,ahc,single,geometric,14,weekly,14.0,0.0045,0.964,0.9595,0.6170095935867164,0.02367175170962632,0.32034067264817134
301,5,0.1938836589722179,ahc,single,geometric,14,weekly,14.0,0.0045,0.9595,0.955,0.5602244724874172,0.028406102051551807,0.2943152872694845
302,6,0.1775642501078864,ahc,single,geometric,14,weekly,14.0,0.0045,0.955,0.9505,0.5432272644858177,0.03314045239347707,0.2881838584396474
303,7,0.0837097560914334,ahc,single,geometric,14,weekly,14.0,0.0045,0.9505,0.9459,0.44547468227254783,0.037980010520778484,0.24172734639666316
304,4,0.3353929093577845,ahc,average,geometric,14,weekly,14.0,0.009,0.964,0.955,0.7076110710431383,0.028406102051551807,0.36800858654734503
305,5,0.3096628863747024,ahc,average,geometric,14,weekly,14.0,0.009,0.9414,0.9324,0.6808123949290021,0.05218306154655439,0.36649772823777826
306,6,0.3100848986612301,ahc,average,geometric,14,weekly,14.0,0.009,0.8514,0.8423,0.6812519347844573,0.1469752761704365,0.4141136054774469
307,7,0.304220058881709,ahc,average,geometric,14,weekly,14.0,0.0045,0.8514,0.8468,0.6751435087711564,0.14224092582851122,0.4086922172998338
308,4,0.1638830325148947,ahc,complete,geometric,14,weekly,14.0,0.036,0.6486,0.6126,0.528977820582768,0.38863755917937914,0.45880768988107357
309,5,0.1564793036780341,ahc,complete,geometric,14,weekly,14.0,0.036,0.4144,0.3784,0.5212665903492631,0.6350341925302472,0.5781503914397552
310,6,0.1728195984633654,ahc,complete,geometric,14,weekly,14.0,0.036,0.3649,0.3288,0.5382855517333834,0.6872172540768018,0.6127514029050927
311,7,0.1495258593544256,ahc,complete,geometric,14,weekly,14.0,0.0135,0.3649,0.3514,0.514024346437216,0.663440294581799,0.5887323205095074
312,4,0.3813786659198211,ahc,single,geometric,21,3day,21.0,0.0045,0.964,0.9595,0.7555067684849877,0.02367175170962632,0.389589260097307
313,5,0.2341678027403275,ahc,single,geometric,21,3day,21.0,0.0045,0.9595,0.955,0.6021817502592519,0.028406102051551807,0.31529392615540186
314,6,0.232874789028513,ahc,single,geometric,21,3day,21.0,0.0045,0.9595,0.955,0.6008350334025729,0.028406102051551807,0.3146205677270624
315,7,0.1306311602795831,ahc,single,geometric,21,3day,21.0,0.0045,0.955,0.9505,0.49434488788742337,0.03314045239347707,0.2637426701404502
316,4,0.2533356755000068,ahc,average,geometric,21,3day,21.0,0.0045,0.9595,0.955,0.6221457283023872,0.028406102051551807,0.3252759151769695
317,5,0.1904056946168177,ahc,average,geometric,21,3day,21.0,0.0045,0.9369,0.9324,0.5566020567453805,0.05218306154655439,0.30439255914596747
318,6,0.1755733351862453,ahc,average,geometric,21,3day,21.0,0.0045,0.9189,0.9144,0.5411536602690262,0.07112046291425556,0.3061370615916409
319,7,0.1472579861560373,ahc,average,geometric,21,3day,21.0,0.0045,0.9189,0.9144,0.511662280948526,0.07112046291425556,0.29139137193139075
320,4,0.1602509895760351,ahc,complete,geometric,21,3day,21.0,0.036,0.509,0.473,0.5251949268630409,0.5355076275644398,0.5303512772137404
321,5,0.1480359657182534,ahc,complete,geometric,21,3day,,,,,0.5124725725804049,,
322,6,0.1126698573919224,ahc,complete,geometric,21,3day,,,,,0.4756375925620051,,
323,7,0.1141470436300434,ahc,complete,geometric,21,3day,21.0,0.009,0.509,0.5,0.4771761312404078,0.5071015255128879,0.49213882837664785
324,4,0.2601288912360922,ahc,single,geometric,21,full,21.0,0.0045,0.9685,0.964,0.6292210888026287,0.01893740136770128,0.324079245085165
325,5,0.2320600572789471,ahc,single,geometric,21,full,21.0,0.0045,0.964,0.9595,0.5999864631431964,0.02367175170962632,0.31182910742641134
326,6,0.1942300200816574,ahc,single,geometric,21,full,21.0,0.0045,0.955,0.9505,0.5605852191216703,0.03314045239347707,0.29686283575757366
327,7,-0.0002127320737309,ahc,single,geometric,21,full,21.0,0.0045,0.955,0.9505,0.3580666150310446,0.03314045239347707,0.19560353371226083
328,4,0.1622751332540091,ahc,average,geometric,21,full,21.0,0.0045,0.955,0.9505,0.5273031399365453,0.03314045239347707,0.2802217961650112
329,5,0.1649364734423292,ahc,average,geometric,21,full,21.0,0.0045,0.9324,0.9279,0.5300750144033198,0.05691741188847976,0.2934962131458998
330,6,0.1160954170405002,ahc,average,geometric,21,full,,,,,0.47920542705606095,,
331,7,0.1018058537134,ahc,average,geometric,21,full,21.0,0.0045,0.9234,0.9189,0.4643223708043356,0.06638611257233018,0.2653542416883329
332,4,0.1086307203824116,ahc,complete,geometric,21,full,,,,,0.4714306968056479,,
333,5,0.0844167026457254,ahc,complete,geometric,21,full,,,,,0.4462109906602602,,
334,6,0.0830741602960448,ahc,complete,geometric,21,full,,,,,0.4448126880772327,,
335,7,0.0864288657435138,ahc,complete,geometric,21,full,21.0,0.009,0.5495,0.5405,0.4483067255603769,0.4644923724355602,0.45639954899796853
336,4,-0.044356199094023,ahc,single,geometric,21,weekly,,,,,0.31208972352147646,,
337,5,-0.0480864833066301,ahc,single,geometric,21,weekly,,,,,0.30820450824230383,,
338,6,-0.0499059229279386,ahc,single,geometric,21,weekly,,,,,0.30630950126338535,,
339,7,-0.1101366983485739,ahc,single,geometric,21,weekly,21.0,0.0045,0.9505,0.9459,0.243577142117722,0.037980010520778484,0.14077857631925023
340,4,0.4308825271853782,ahc,average,geometric,21,weekly,21.0,0.0045,0.9595,0.955,0.8070666891786878,0.028406102051551807,0.4177363956151198
341,5,0.383076135558555,ahc,average,geometric,21,weekly,21.0,0.0045,0.7973,0.7928,0.7572747396637123,0.19905312993161495,0.4781639347976636
342,6,0.3880490689743058,ahc,average,geometric,21,weekly,21.0,0.0045,0.7793,0.7748,0.7624542154859257,0.217990531299316,0.49022237339262087
343,7,0.348491057118007,ahc,average,geometric,21,weekly,21.0,0.0045,0.7793,0.7748,0.7212532282908056,0.217990531299316,0.4696218797950608
344,4,0.3473368713663025,ahc,complete,geometric,21,weekly,21.0,0.018,0.5315,0.5135,0.7200511053795351,0.492898474487112,0.6064747899333236
345,5,0.3483956593861188,ahc,complete,geometric,21,weekly,21.0,0.018,0.5315,0.5135,0.721153868374937,0.492898474487112,0.6070261714310246
346,6,0.3672489312796836,ahc,complete,geometric,21,weekly,21.0,0.018,0.5315,0.5135,0.7407901791353121,0.492898474487112,0.616844326811212
347,7,0.2857959929877915,ahc,complete,geometric,21,weekly,21.0,0.018,0.3153,0.2973,0.6559542303581041,0.7203577064702789,0.6881559684141915
348,4,0.3258366590895458,ahc,single,geometric,30,3day,30.0,0.0045,0.9685,0.964,0.697657918029146,0.01893740136770128,0.35829765969842364
349,5,0.1257429505758846,ahc,single,geometric,30,3day,30.0,0.0045,0.964,0.9595,0.4892536546338221,0.02367175170962632,0.2564627031717242
350,6,0.1205508152995112,ahc,single,geometric,30,3day,30.0,0.0045,0.9595,0.955,0.4838458727712175,0.028406102051551807,0.25612598741138465
351,7,0.0048548309480614,ahc,single,geometric,30,3day,30.0,0.0045,0.955,0.9505,0.3633446507404677,0.03314045239347707,0.19824255156697237
352,4,0.305647848552536,ahc,average,geometric,30,3day,30.0,0.009,0.9505,0.9414,0.6766305992791113,0.04271436086270375,0.3596724800709075
353,5,0.3076902465058122,ahc,average,geometric,30,3day,30.0,0.0045,0.9459,0.9414,0.678757824788471,0.04271436086270375,0.3607360928255874
354,6,0.2821590578473501,ahc,average,geometric,30,3day,30.0,0.0045,0.9459,0.9414,0.6521662412474494,0.04271436086270375,0.34744030105507656
355,7,0.2774832886521195,ahc,average,geometric,30,3day,30.0,0.0045,0.8694,0.8649,0.6472962718607206,0.1231983166754339,0.38524729426807724
356,4,0.1374513919378459,ahc,complete,geometric,30,3day,30.0,0.009,0.4775,0.4685,0.5014483863706287,0.540241977906365,0.5208451821384968
357,5,0.1418180765537301,ahc,complete,geometric,30,3day,30.0,0.009,0.4775,0.4685,0.5059964338710373,0.540241977906365,0.5231192058887011
358,6,0.1505534265348285,ahc,complete,geometric,30,3day,30.0,0.009,0.3874,0.3784,0.515094591888269,0.6350341925302472,0.5750643922092581
359,7,0.1608172410947634,ahc,complete,geometric,30,3day,30.0,0.009,0.3874,0.3784,0.5257846966840596,0.6350341925302472,0.5804094446071534
360,4,0.1678252905377764,ahc,single,geometric,30,full,30.0,0.0045,0.9685,0.964,0.533083813647097,0.01893740136770128,0.27601060750739914
361,5,0.1613564531990146,ahc,single,geometric,30,full,30.0,0.0045,0.964,0.9595,0.5263463040541017,0.02367175170962632,0.275009027881864
362,6,0.1093821725488745,ahc,single,geometric,30,full,30.0,0.0045,0.955,0.9505,0.47221335927110886,0.03314045239347707,0.25267690583229296
363,7,0.0120213281642838,ahc,single,geometric,30,full,30.0,0.0045,0.955,0.9505,0.3708087963378766,0.03314045239347707,0.20197462436567684
364,4,0.1432929554942751,ahc,average,geometric,30,full,30.0,0.0045,0.955,0.9505,0.5075325694221487,0.03314045239347707,0.2703365109078129
365,5,0.0916625336231666,ahc,average,geometric,30,full,30.0,0.0045,0.955,0.9505,0.45375776501292586,0.03314045239347707,0.24344910870320147
366,6,0.1337669020937474,ahc,average,geometric,30,full,30.0,0.0045,0.9324,0.9279,0.49761086745186434,0.05691741188847976,0.27726413967017205
367,7,0.1248738580091011,ahc,average,geometric,30,full,30.0,0.0045,0.9324,0.9279,0.4883484657723217,0.05691741188847976,0.27263293883040074
368,4,0.1333327437764358,ahc,complete,geometric,30,full,30.0,0.018,0.5225,0.5045,0.4971586771007115,0.5023671751709626,0.49976292613583706
369,5,0.1037009674752395,ahc,complete,geometric,30,full,30.0,0.018,0.455,0.4369,0.4662961949216468,0.5734876380852183,0.5198919165034326
370,6,0.1019722808530052,ahc,complete,geometric,30,full,30.0,0.018,0.455,0.4369,0.4644957102146352,0.5734876380852183,0.5189916741499268
371,7,0.0978672010835258,ahc,complete,geometric,30,full,30.0,0.018,0.3829,0.3649,0.460220132876935,0.6492372435560232,0.554728688216479
372,4,0.1913476175090222,ahc,single,geometric,30,weekly,30.0,0.0045,0.9775,0.973,0.5575831008170969,0.009468700683850528,0.28352590075047374
373,5,0.1689173740420364,ahc,single,geometric,30,weekly,30.0,0.0045,0.9685,0.964,0.5342212549987623,0.01893740136770128,0.2765793281832318
374,6,0.1176441743863784,ahc,single,geometric,30,weekly,30.0,0.0045,0.964,0.9595,0.48081850942753296,0.02367175170962632,0.25224513056857967
375,7,0.0789821928198107,ahc,single,geometric,30,weekly,30.0,0.0045,0.9459,0.9414,0.4405507676297741,0.04271436086270375,0.2416325642462389
376,4,0.5688350786629441,ahc,average,geometric,30,weekly,30.0,0.0045,0.8153,0.8108,0.9507488673328539,0.18011572856391367,0.5654322979483838
377,5,0.5640944235360729,ahc,average,geometric,30,weekly,30.0,0.0045,0.7883,0.7838,0.9458113170866929,0.20852183061546548,0.5771665738510792
378,6,0.6048880780024412,ahc,average,geometric,30,weekly,30.0,0.0045,0.7883,0.7838,0.9882992672247475,0.20852183061546548,0.5984105489201065
379,7,0.5742909613365355,ahc,average,geometric,30,weekly,30.0,0.0045,0.7883,0.7838,0.9564313508962163,0.20852183061546548,0.5824765907558409
380,4,0.5624926717532048,ahc,complete,geometric,30,weekly,30.0,0.0315,0.6396,0.6081,0.9441430392436243,0.3933719095213045,0.6687574743824645
381,5,0.5383675452485316,ahc,complete,geometric,30,weekly,30.0,0.018,0.6396,0.6216,0.9190159162777258,0.3791688584955286,0.6490923873866272
382,6,0.5413810080796311,ahc,complete,geometric,30,weekly,30.0,0.018,0.6396,0.6216,0.9221545382076681,0.3791688584955286,0.6506616983515984
383,7,0.5172981621714773,ahc,complete,geometric,30,weekly,30.0,0.018,0.464,0.4459,0.8970714518915923,0.5640189374013677,0.73054519464648
384,4,0.2510117985869057,ahc,single,geometric,3,3day,3.0,0.0045,0.982,0.9775,0.6197253330791004,0.004734350341925264,0.3122298417105128
385,5,0.2451727370618617,ahc,single,geometric,3,3day,3.0,0.0045,0.9595,0.955,0.6136437559766215,0.028406102051551807,0.32102492901408664
386,6,0.2038754784635081,ahc,single,geometric,3,3day,3.0,0.0045,0.9595,0.955,0.5706312853578939,0.028406102051551807,0.29951869370472284
387,7,0.1586717899423435,ahc,single,geometric,3,3day,3.0,0.0045,0.955,0.9505,0.5235501378346483,0.03314045239347707,0.2783452951140627
388,4,0.2691316412235194,ahc,average,geometric,3,3day,3.0,0.0045,0.9234,0.9189,0.6385977528346911,0.06638611257233018,0.35249193270351065
389,5,0.2612125016089828,ahc,average,geometric,3,3day,3.0,0.0045,0.9234,0.9189,0.6303497051056965,0.06638611257233018,0.34836790883901336
390,6,0.2543061908793016,ahc,average,geometric,3,3day,3.0,0.0045,0.9234,0.9189,0.6231565524019465,0.06638611257233018,0.3447713324871383
391,7,0.1904675252206661,ahc,average,geometric,3,3day,3.0,0.0045,0.9189,0.9144,0.556666455379131,0.07112046291425556,0.31389345914669325
392,4,0.1909686429287461,ahc,complete,geometric,3,3day,3.0,0.0045,0.9144,0.9099,0.5571883861664731,0.07585481325618082,0.316521599711327
393,5,0.1894199134294199,ahc,complete,geometric,3,3day,3.0,0.0045,0.9144,0.9099,0.5555753327981128,0.07585481325618082,0.3157150730271468
394,6,0.1629130406291828,ahc,complete,geometric,3,3day,3.0,0.0045,0.9144,0.9099,0.5279675417192153,0.07585481325618082,0.3019111774876981
395,7,0.1669853294212161,ahc,complete,geometric,3,3day,3.0,0.0045,0.9144,0.9099,0.5322089661614975,0.07585481325618082,0.30403188970883915
396,4,0.2015071375793762,ahc,single,geometric,3,full,3.0,0.0045,0.9865,0.982,0.568164579427493,0.0,0.2840822897137465
397,5,0.2144629943701347,ahc,single,geometric,3,full,3.0,0.0045,0.9685,0.964,0.581658535890142,0.01893740136770128,0.30029796862892166
398,6,0.214397330491486,ahc,single,geometric,3,full,3.0,0.0045,0.964,0.9595,0.5815901447729844,0.02367175170962632,0.3026309482413054
399,7,0.1044359838690698,ahc,single,geometric,3,full,3.0,0.0045,0.9595,0.955,0.4670617389823649,0.028406102051551807,0.24773392051695836
400,4,0.2865071537862382,ahc,average,geometric,3,full,3.0,0.0045,0.9324,0.9279,0.6566949280214981,0.05691741188847976,0.3568061699549889
401,5,0.2469646013995174,ahc,average,geometric,3,full,3.0,0.0045,0.9279,0.9234,0.6155100423789647,0.06165176223040503,0.33858090230468485
402,6,0.2475825944551992,ahc,average,geometric,3,full,3.0,0.0045,0.9279,0.9234,0.6161537027344526,0.06165176223040503,0.3389027324824288
403,7,0.2423925446674447,ahc,average,geometric,3,full,3.0,0.0045,0.9279,0.9234,0.6107480929777211,0.06165176223040503,0.3361999276040631
404,4,0.2591830867899879,ahc,complete,geometric,3,full,3.0,0.018,0.9279,0.9099,0.6282360019632146,0.07585481325618082,0.3520454076096977
405,5,0.2600186887576792,ahc,complete,geometric,3,full,3.0,0.009,0.9279,0.9189,0.6291063092500451,0.06638611257233018,0.3477462109111876
406,6,0.2518360257367796,ahc,complete,geometric,3,full,3.0,0.0045,0.9279,0.9234,0.6205837931142302,0.06165176223040503,0.3411177776723176
407,7,0.0616518090792903,ahc,complete,geometric,3,full,3.0,0.0045,0.6486,0.6441,0.42250059561472114,0.3554971067859021,0.38899885120031163
408,4,0.1543350183666451,ahc,single,geometric,3,weekly,3.0,0.0045,0.982,0.9775,0.5190332457621247,0.004734350341925264,0.261883798052025
409,5,0.121410953655394,ahc,single,geometric,3,weekly,3.0,0.0045,0.9775,0.973,0.48474173552376165,0.009468700683850528,0.2471052181038061
410,6,0.1359112731344425,ahc,single,geometric,3,weekly,3.0,0.0045,0.9595,0.955,0.4998443013289311,0.028406102051551807,0.26412520169024145
411,7,0.0805559596026294,ahc,single,geometric,3,weekly,3.0,0.0045,0.955,0.9505,0.4421898981629911,0.03314045239347707,0.23766517527823408
412,4,0.163271075145882,ahc,average,geometric,3,weekly,3.0,0.009,0.9505,0.9414,0.5283404465960206,0.04271436086270375,0.2855274037293622
413,5,0.1454213290317106,ahc,average,geometric,3,weekly,3.0,0.009,0.9099,0.9009,0.5097493413666252,0.08532351394003146,0.29753642765332833
414,6,0.1420535440464048,ahc,average,geometric,3,weekly,3.0,0.0045,0.9099,0.9054,0.5062416811090886,0.0805891635981062,0.2934154223535974
415,7,0.0948999981509888,ahc,average,geometric,3,weekly,3.0,0.0045,0.9054,0.9009,0.4571296921724608,0.08532351394003146,0.27122660305624613
416,4,0.1216397603963095,ahc,complete,geometric,3,weekly,3.0,0.009,0.8829,0.8739,0.48498004536695755,0.11372961599158327,0.2993548306792704
417,5,0.0872520589156791,ahc,complete,geometric,3,weekly,3.0,0.009,0.8829,0.8739,0.44916410867327694,0.11372961599158327,0.2814468623324301
418,6,0.0921876184830575,ahc,complete,geometric,3,weekly,3.0,0.009,0.8829,0.8739,0.45430465838732764,0.11372961599158327,0.2840171371894554
419,7,0.0666845320638472,ahc,complete,geometric,3,weekly,3.0,0.009,0.4595,0.4505,0.4277423442646927,0.5591793792740662,0.4934608617693795
420,4,0.2051994040610835,ahc,single,geometric,60,3day,60.0,0.0045,0.964,0.9595,0.5720101979734,0.02367175170962632,0.2978409748415132
421,5,-0.3155908216952955,ahc,single,geometric,60,3day,,,,,0.02958982809539129,,
422,6,-0.338285403284602,ahc,single,geometric,60,3day,,,,,0.005952665316424688,,
423,7,-0.3440006936500619,ahc,single,geometric,60,3day,,,,,0.0,,
424,4,0.4548749333370728,ahc,average,geometric,60,3day,60.0,0.0045,0.9505,0.9459,0.8320555794754758,0.037980010520778484,0.43501779499812715
425,5,0.4536743221107708,ahc,average,geometric,60,3day,60.0,0.0045,0.9505,0.9459,0.8308051028857807,0.037980010520778484,0.4343925567032796
426,6,0.4284929540829359,ahc,average,geometric,60,3day,60.0,0.0045,0.9505,0.9459,0.8045778691855807,0.037980010520778484,0.4212789398531796
427,7,0.4102637837330316,ahc,average,geometric,60,3day,60.0,0.0045,0.7613,0.7568,0.7855915809744233,0.23692793266701728,0.5112597568207202
428,4,0.4338504878148999,ahc,complete,geometric,60,3day,60.0,0.1126,0.482,0.3694,0.8101579190498138,0.6445028932140978,0.7273304061319559
429,5,0.4601399331646535,ahc,complete,geometric,60,3day,60.0,0.036,0.482,0.4459,0.8375392521955931,0.5640189374013677,0.7007790947984804
430,6,0.4276647442488557,ahc,complete,geometric,60,3day,60.0,0.009,0.473,0.464,0.8037152610521696,0.5449763282482903,0.67434579465023
431,7,0.4282217314401887,ahc,complete,geometric,60,3day,60.0,0.009,0.2928,0.2838,0.8042953817675718,0.7345607574960547,0.7694280696318132
432,4,0.0591681156592397,ahc,single,geometric,60,full,,,,,0.419913746175274,,
433,5,0.0393746701834387,ahc,single,geometric,60,full,,,,,0.3992982133077917,,
434,6,0.0122892190474503,ahc,single,geometric,60,full,,,,,0.3710878136172871,,
435,7,0.0029613873283229,ahc,single,geometric,60,full,,,,,0.36137256613179425,,
436,4,0.2416371056894922,ahc,average,geometric,60,full,60.0,0.0045,0.9595,0.955,0.6099612781152759,0.028406102051551807,0.31918369008341385
437,5,0.224573554139233,ahc,average,geometric,60,full,60.0,0.0045,0.955,0.9505,0.592189020715703,0.03314045239347707,0.31266473655459004
438,6,0.1632088852861241,ahc,average,geometric,60,full,60.0,0.0045,0.9414,0.9369,0.5282756737852722,0.047448711204629124,0.28786219249495065
439,7,0.1514144390757621,ahc,average,geometric,60,full,60.0,0.0045,0.9234,0.9189,0.5159913651336664,0.06638611257233018,0.2911887388529983
440,4,0.2159447395081935,ahc,complete,geometric,60,full,60.0,0.009,0.4955,0.4865,0.5832018228147066,0.5213045765386639,0.5522531996766853
441,5,0.1502281746254892,ahc,complete,geometric,60,full,60.0,0.009,0.464,0.455,0.514755831189158,0.554445028932141,0.5346004300606495
442,6,0.172226525787868,ahc,complete,geometric,60,full,60.0,0.009,0.3198,0.3108,0.5376678467840623,0.7061546554445028,0.6219112511142826
443,7,0.1692870331653892,ahc,complete,geometric,60,full,60.0,0.0045,0.3198,0.3153,0.5346062672906627,0.7014203051025776,0.6180132861966201
444,4,0.4030886029040899,ahc,single,geometric,7,3day,7.0,0.0045,0.9685,0.964,0.7781183911050789,0.01893740136770128,0.39852789623639007
445,5,0.3762671845782911,ahc,single,geometric,7,3day,7.0,0.0045,0.955,0.9505,0.7501829903824504,0.03314045239347707,0.39166172138796373
446,6,0.3443014808706229,ahc,single,geometric,7,3day,7.0,0.0045,0.9505,0.9459,0.7168896450564282,0.037980010520778484,0.3774348277886033
447,7,0.1262316568752506,ahc,single,geometric,7,3day,7.0,0.0045,0.9505,0.9459,0.4897626585255115,0.037980010520778484,0.263871334523145
448,4,0.2869491993537781,ahc,average,geometric,7,3day,7.0,0.018,0.9324,0.9144,0.6571553332065219,0.07112046291425556,0.3641378980603887
449,5,0.2296774004168751,ahc,average,geometric,7,3day,7.0,0.0045,0.9324,0.9279,0.5975048466448444,0.05691741188847976,0.32721112926666207
450,6,0.230058800601081,ahc,average,geometric,7,3day,7.0,0.0045,0.9324,0.9279,0.5979020876427683,0.05691741188847976,0.32740974976562404
451,7,0.1374866334467737,ahc,average,geometric,7,3day,7.0,0.0045,0.9234,0.9189,0.5014850915762227,0.06638611257233018,0.2839356020742764
452,4,0.1222982511826756,ahc,complete,geometric,7,3day,7.0,0.027,0.5586,0.5315,0.48566588545810596,0.4739610731194108,0.4798134792887584
453,5,0.1237366533504768,ahc,complete,geometric,7,3day,7.0,0.009,0.5495,0.5405,0.4871640292352072,0.4644923724355602,0.4758282008353837
454,6,0.1194170233487888,ahc,complete,geometric,7,3day,7.0,0.009,0.5495,0.5405,0.48266499068307467,0.4644923724355602,0.4735786815593174
455,7,0.0971756818872801,ahc,complete,geometric,7,3day,7.0,0.009,0.4685,0.4595,0.4594998925965792,0.5497106785902157,0.5046052855933975
456,4,0.3098262756418559,ahc,single,geometric,7,full,7.0,0.0045,0.9865,0.982,0.6809825702939387,0.0,0.34049128514696936
457,5,0.3058985454591829,ahc,single,geometric,7,full,7.0,0.0045,0.982,0.9775,0.6768917084591717,0.004734350341925264,0.3408130294005485
458,6,0.3029527714993784,ahc,single,geometric,7,full,7.0,0.0045,0.9595,0.955,0.6738235867436891,0.028406102051551807,0.3511148443976205
459,7,0.199634001730873,ahc,single,geometric,7,full,7.0,0.0045,0.955,0.9505,0.5662136460391001,0.03314045239347707,0.29967704921628857
460,4,0.3085298965668153,ahc,average,geometric,7,full,7.0,0.018,0.9414,0.9234,0.6796323482993452,0.06165176223040503,0.3706420552648751
461,5,0.2513505779873225,ahc,average,geometric,7,full,7.0,0.0045,0.9414,0.9369,0.6200781831108271,0.047448711204629124,0.3337634471577281
462,6,0.2483405591412835,ahc,average,geometric,7,full,7.0,0.0045,0.9369,0.9324,0.6169431482060591,0.05218306154655439,0.33456310487630675
463,7,0.2215276257990239,ahc,average,geometric,7,full,7.0,0.0045,0.9324,0.9279,0.5890165848764579,0.05691741188847976,0.32296699838246884
464,4,0.3046334519752354,ahc,complete,geometric,7,full,7.0,0.009,0.9324,0.9234,0.6755740714499585,0.06165176223040503,0.36861291684018177
465,5,0.2513505779873225,ahc,complete,geometric,7,full,7.0,0.0045,0.9279,0.9234,0.6200781831108271,0.06165176223040503,0.34086497267061605
466,6,0.2239545365508609,ahc,complete,geometric,7,full,7.0,0.0045,0.9189,0.9144,0.5915442932752866,0.07112046291425556,0.33133237809477106
467,7,0.2215276257990239,ahc,complete,geometric,7,full,7.0,0.0045,0.9189,0.9144,0.5890165848764579,0.07112046291425556,0.33006852389535674
468,4,0.2799927554087258,ahc,single,geometric,7,weekly,7.0,0.0045,0.982,0.9775,0.6499099650888107,0.004734350341925264,0.327322157715368
469,5,0.2685806123573696,ahc,single,geometric,7,weekly,7.0,0.0045,0.9775,0.973,0.6380238379134648,0.009468700683850528,0.3237462692986577
470,6,0.2475310800908504,ahc,single,geometric,7,weekly,7.0,0.0045,0.955,0.9505,0.6161000488078192,0.03314045239347707,0.32462025060064814
471,7,0.0960519245278113,ahc,single,geometric,7,weekly,7.0,0.0045,0.9324,0.9279,0.4583294618695222,0.05691741188847976,0.257623436879001
472,4,0.1883355944770655,ahc,average,geometric,7,weekly,7.0,0.0135,0.9369,0.9234,0.5544459784859277,0.06165176223040503,0.30804887035816636
473,5,0.1773956183591993,ahc,average,geometric,7,weekly,7.0,0.0045,0.9369,0.9324,0.5430516289017143,0.05218306154655439,0.29761734522413436
474,6,0.1951217697024753,ahc,average,geometric,7,weekly,7.0,0.0045,0.9189,0.9144,0.561514006059751,0.07112046291425556,0.3163172344870033
475,7,0.1653277016340154,ahc,average,geometric,7,weekly,7.0,0.0045,0.9189,0.9144,0.5304824915984475,0.07112046291425556,0.30080147725635153
476,4,0.1455036988318823,ahc,complete,geometric,7,weekly,7.0,0.027,0.545,0.518,0.5098351322575949,0.4881641241451866,0.49899962820139077
477,5,0.1168151847235956,ahc,complete,geometric,7,weekly,7.0,0.027,0.545,0.518,0.47995508907654877,0.4881641241451866,0.48405960661086767
478,6,0.1264654234236978,ahc,complete,geometric,7,weekly,7.0,0.027,0.3514,0.3243,0.49000613417348415,0.691951604418727,0.5909788692961055
479,7,0.0949047353705395,ahc,complete,geometric,7,weekly,7.0,0.027,0.3514,0.3243,0.4571346261444399,0.691951604418727,0.5745431152815834
560,4,0.0993975758216301,kmeans,not_applicable,geometric,10,3day,,,,,0.4618140691500071,,
561,5,0.0973838775795746,kmeans,not_applicable,geometric,10,3day,10.0,0.027,0.4955,0.4685,0.45971673534599405,0.540241977906365,0.49997935662617954
562,6,0.0834542768875295,kmeans,not_applicable,geometric,10,3day,10.0,0.027,0.2342,0.2072,0.4452085921705755,0.815149921094161,0.6301792566323683
563,7,0.0843235198153283,kmeans,not_applicable,geometric,10,3day,10.0,0.027,0.2613,0.2342,0.4461139376380825,0.7867438190426091,0.6164288783403458
564,4,0.1173308432294245,kmeans,not_applicable,geometric,10,full,,,,,0.4804921645891628,,
565,5,0.0634082398546247,kmeans,not_applicable,geometric,10,full,10.0,0.036,0.4279,0.3919,0.42432997678146306,0.6208311415044714,0.5225805591429672
566,6,0.0539295907445575,kmeans,not_applicable,geometric,10,full,10.0,0.0405,0.4054,0.3649,0.41445764795893325,0.6492372435560232,0.5318474457574782
567,7,0.0310443024263286,kmeans,not_applicable,geometric,10,full,10.0,0.036,0.3063,0.2703,0.39062185776853614,0.7487638085218307,0.5696928331451834
568,4,0.1181966342809816,kmeans,not_applicable,geometric,10,weekly,,,,,0.4813939148125672,,
569,5,0.1265775395967657,kmeans,not_applicable,geometric,10,weekly,10.0,0.009,0.2793,0.2703,0.49012290690280425,0.7487638085218307,0.6194433577123175
570,6,0.1237697690302328,kmeans,not_applicable,geometric,10,weekly,10.0,0.0946,0.2297,0.1351,0.4871985203188982,0.891004734350342,0.6891016273346201
571,7,0.1546601954245034,kmeans,not_applicable,geometric,10,weekly,10.0,0.0811,0.2162,0.1351,0.5193719285009246,0.891004734350342,0.7051883314256333
572,4,0.1110906379220817,kmeans,not_applicable,geometric,14,3day,,,,,0.47399278287360236,,
573,5,0.1576177147769296,kmeans,not_applicable,geometric,14,3day,14.0,0.036,0.3153,0.2793,0.5224522834341119,0.73929510783798,0.6308736956360459
574,6,0.1299097473319343,kmeans,not_applicable,geometric,14,3day,14.0,0.027,0.3739,0.3468,0.4935935122690924,0.6682798527091005,0.5809366824890965
575,7,0.1192702302051981,kmeans,not_applicable,geometric,14,3day,14.0,0.027,0.2568,0.2297,0.4825121007337167,0.7914781693845345,0.6369951350591256
576,4,0.0452878629014106,kmeans,not_applicable,geometric,14,full,,,,,0.4054570005173325,,
577,5,0.0533949204074964,kmeans,not_applicable,geometric,14,full,14.0,0.045,0.3378,0.2928,0.4139007709907254,0.7250920568122041,0.5694964139014648
578,6,0.0295548887841969,kmeans,not_applicable,geometric,14,full,14.0,0.036,0.5135,0.4775,0.38907058384150905,0.5307732772225144,0.45992193053201175
579,7,0.0337746820638953,kmeans,not_applicable,geometric,14,full,14.0,0.027,0.2748,0.2477,0.3934656391217006,0.7725407680168332,0.5830032035692669
580,4,0.2283692184579675,kmeans,not_applicable,geometric,14,weekly,14.0,0.036,0.4595,0.4234,0.5961423315534987,0.5876906891109942,0.5919165103322465
581,5,0.2190976595166817,kmeans,not_applicable,geometric,14,weekly,14.0,0.1396,0.2568,0.1171,0.5864856940408151,0.9099421357180432,0.7482139148794291
582,6,0.1346801839518228,kmeans,not_applicable,geometric,14,weekly,14.0,0.1532,0.2027,0.0495,0.4985620809323798,0.9810625986322988,0.7398123397823393
583,7,0.1675930253706403,kmeans,not_applicable,geometric,14,weekly,14.0,0.0811,0.1892,0.1081,0.5328419017377775,0.9194108364018938,0.7261263690698356
584,4,0.1344543627215099,kmeans,not_applicable,geometric,21,3day,,,,,0.4983268805979366,,
585,5,0.1946550093538875,kmeans,not_applicable,geometric,21,3day,21.0,0.036,0.2883,0.2523,0.5610278596069107,0.7677012098895317,0.6643645347482212
586,6,0.0902161930790453,kmeans,not_applicable,geometric,21,3day,,,,,0.45225135315242593,,
587,7,0.1072501822316592,kmeans,not_applicable,geometric,21,3day,,,,,0.4699928203300012,,
588,4,0.0645799684239933,kmeans,not_applicable,geometric,21,full,,,,,0.42555037112175714,,
589,5,0.039511363292295,kmeans,not_applicable,geometric,21,full,,,,,0.39944058373449837,,
590,6,0.0421958205640413,kmeans,not_applicable,geometric,21,full,,,,,0.40223653541379023,,
591,7,0.0620210453479621,kmeans,not_applicable,geometric,21,full,,,,,0.4228851674893842,,
592,4,0.3465291842932974,kmeans,not_applicable,geometric,21,weekly,21.0,0.1577,0.3288,0.1712,0.719209872385485,0.8530247238295634,0.7861172981075242
593,5,0.3177117441818077,kmeans,not_applicable,geometric,21,weekly,21.0,0.1081,0.3378,0.2297,0.6891955484770256,0.7914781693845345,0.74033685893078
594,6,0.3282806270953934,kmeans,not_applicable,geometric,21,weekly,21.0,0.036,0.3153,0.2793,0.7002033921262769,0.73929510783798,0.7197492499821285
595,7,0.3170810448405428,kmeans,not_applicable,geometric,21,weekly,21.0,0.036,0.2027,0.1667,0.6885386541018022,0.8577590741714887,0.7731488641366454
596,4,0.1653751428942564,kmeans,not_applicable,geometric,30,3day,30.0,0.2072,0.2883,0.0811,0.53053190325146,0.9478169384534455,0.7391744208524528
597,5,0.1587616789788282,kmeans,not_applicable,geometric,30,3day,30.0,0.036,0.3649,0.3288,0.523643760260736,0.6872172540768018,0.6054305071687689
598,6,0.1292434873868216,kmeans,not_applicable,geometric,30,3day,30.0,0.0946,0.2568,0.1622,0.49289958034028547,0.8624934245134139,0.6776965024268498
599,7,0.1390332175162584,kmeans,not_applicable,geometric,30,3day,30.0,0.0135,0.2523,0.2387,0.5030959104079297,0.7820094687006839,0.6425526895543068
600,4,0.1382324530052959,kmeans,not_applicable,geometric,30,full,,,,,0.502261887492867,,
601,5,0.0961342429208933,kmeans,not_applicable,geometric,30,full,30.0,0.036,0.3694,0.3333,0.4584151992182953,0.6824829037348764,0.5704490514765859
602,6,0.1289612469864352,kmeans,not_applicable,geometric,30,full,30.0,0.018,0.4189,0.4009,0.4926056175606466,0.6113624408206207,0.5519840291906337
603,7,0.0902793856053486,kmeans,not_applicable,geometric,30,full,30.0,0.0225,0.2703,0.2477,0.4523171702737845,0.7725407680168332,0.6124289691453089
604,4,0.5790291086251727,kmeans,not_applicable,geometric,30,weekly,30.0,0.1532,0.3874,0.2342,0.9613662891453094,0.7867438190426091,0.8740550540939593
605,5,0.494024746114943,kmeans,not_applicable,geometric,30,weekly,30.0,0.0946,0.2973,0.2027,0.8728314137315532,0.8198842714360863,0.8463578425838197
606,6,0.4824680799031526,kmeans,not_applicable,geometric,30,weekly,30.0,0.0405,0.2928,0.2523,0.8607947608699296,0.7677012098895317,0.8142479853797306
607,7,0.4712249918070179,kmeans,not_applicable,geometric,30,weekly,30.0,0.0811,0.2883,0.2072,0.8490847100623915,0.815149921094161,0.8321173155782762
608,4,0.0230073064329376,kmeans,not_applicable,geometric,3,3day,,,,,0.3822510586946639,,
609,5,0.0230060467259052,kmeans,not_applicable,geometric,3,3day,3.0,0.0721,0.2748,0.2027,0.3822497466678234,0.8198842714360863,0.6010670090519549
610,6,0.0188755250581675,kmeans,not_applicable,geometric,3,3day,3.0,0.0315,0.4234,0.3919,0.3779476707455086,0.6208311415044714,0.49938940612499
611,7,0.017420510685753,kmeans,not_applicable,geometric,3,3day,3.0,0.045,0.2342,0.1892,0.37643222480387895,0.8340873224618621,0.6052597736328705
612,4,0.0245148152368474,kmeans,not_applicable,geometric,3,full,,,,,0.38382117933551024,,
613,5,0.0242035275739465,kmeans,not_applicable,geometric,3,full,3.0,0.0495,0.455,0.4054,0.38349696286427376,0.6066280904786954,0.49506252667148454
614,6,0.0295750145556767,kmeans,not_applicable,geometric,3,full,3.0,0.0856,0.2793,0.1937,0.3890915455029809,0.8293529721199369,0.6092222588114589
615,7,0.0296483785262887,kmeans,not_applicable,geometric,3,full,3.0,0.0586,0.2523,0.1937,0.38916795652244135,0.8293529721199369,0.6092604643211891
616,4,0.0591374635348512,kmeans,not_applicable,geometric,3,weekly,,,,,0.4198818209665699,,
617,5,0.0158773833737957,kmeans,not_applicable,geometric,3,weekly,3.0,0.0721,0.2568,0.1847,0.37482500630029614,0.8388216728037875,0.6068233395520418
618,6,0.0433481969001026,kmeans,not_applicable,geometric,3,weekly,3.0,0.0856,0.3108,0.2252,0.403436773758389,0.7962125197264598,0.5998246467424244
619,7,0.0368779698331519,kmeans,not_applicable,geometric,3,weekly,3.0,0.0541,0.2162,0.1622,0.396697816717187,0.8624934245134139,0.6295956206153005
620,4,0.3781254041112461,kmeans,not_applicable,geometric,60,3day,60.0,0.027,0.4685,0.4414,0.7521183879312736,0.568753287743293,0.6604358378372833
621,5,0.3876604550547356,kmeans,not_applicable,geometric,60,3day,60.0,0.045,0.3288,0.2838,0.7620494611422994,0.7345607574960547,0.748305109319177
622,6,0.2929360513398681,kmeans,not_applicable,geometric,60,3day,60.0,0.0766,0.3198,0.2432,0.6633908389977135,0.7772751183587585,0.720332978678236
623,7,0.3440449848371872,kmeans,not_applicable,geometric,60,3day,60.0,0.036,0.2703,0.2342,0.7166224958926235,0.7867438190426091,0.7516831574676164
624,4,0.1000862738922645,kmeans,not_applicable,geometric,60,full,,,,,0.46253137113405496,,
625,5,0.1562331159554057,kmeans,not_applicable,geometric,60,full,60.0,0.036,0.2883,0.2523,0.5210101776345784,0.7677012098895317,0.644355693762055
626,6,0.1179918780566322,kmeans,not_applicable,geometric,60,full,,,,,0.4811806543836006,,
627,7,0.1249667043443017,kmeans,not_applicable,geometric,60,full,,,,,0.48844516832354223,,
628,4,0.1153807473613408,kmeans,not_applicable,geometric,7,3day,,,,,0.4784610747765088,,
629,5,0.0802929776762852,kmeans,not_applicable,geometric,7,3day,7.0,0.0901,0.3784,0.2883,0.4419159937256494,0.7298264071541294,0.5858712004398894
630,6,0.0627572331456052,kmeans,not_applicable,geometric,7,3day,7.0,0.0315,0.3829,0.3514,0.4236519316061978,0.663440294581799,0.5435461130939984
631,7,0.0527754036801826,kmeans,not_applicable,geometric,7,3day,7.0,0.0135,0.3108,0.2973,0.4132555236804728,0.7203577064702789,0.5668066150753759
632,4,0.0858874355607489,kmeans,not_applicable,geometric,7,full,,,,,0.4477428079876691,,
633,5,0.0405888920606799,kmeans,not_applicable,geometric,7,full,7.0,0.0586,0.2973,0.2387,0.40056286584386913,0.7820094687006839,0.5912861672722765
634,6,0.0602137477256687,kmeans,not_applicable,geometric,7,full,7.0,0.018,0.3153,0.2973,0.42100280680694196,0.7203577064702789,0.5706802566386104
635,7,0.0427007639695674,kmeans,not_applicable,geometric,7,full,7.0,0.0405,0.2793,0.2387,0.40276245079247297,0.7820094687006839,0.5923859597465784
636,4,0.1223626016920361,kmeans,not_applicable,geometric,7,weekly,,,,,0.485732908657396,,
637,5,0.1038325373635622,kmeans,not_applicable,geometric,7,weekly,7.0,0.045,0.2883,0.2432,0.46643322934349135,0.7772751183587585,0.621854173851125
638,6,0.0755536379471502,kmeans,not_applicable,geometric,7,weekly,7.0,0.0405,0.2658,0.2252,0.43697981351005233,0.7962125197264598,0.616596166618256
639,7,0.0999482551812881,kmeans,not_applicable,geometric,7,weekly,7.0,0.0541,0.2027,0.1486,0.4623876200485787,0.876801683324566,0.6695946516865723
720,4,0.1112586011455414,kshape,not_applicable,geometric,10,3day,10.0,0.1486,0.3604,0.2117,0.4741677221664099,0.8104155707522357,0.6422916464593228
721,5,0.0908636425937273,kshape,not_applicable,geometric,10,3day,10.0,0.0766,0.3288,0.2523,0.4529256933912833,0.7677012098895317,0.6103134516404075
722,6,0.1079950561216949,kshape,not_applicable,geometric,10,3day,10.0,0.0901,0.2703,0.1802,0.47076863130141267,0.8435560231457128,0.6571623272235627
723,7,0.1368997691076473,kshape,not_applicable,geometric,10,3day,10.0,0.0766,0.2387,0.1622,0.5008738528160581,0.8624934245134139,0.681683638664736
724,4,0.1350683280643417,kshape,not_applicable,geometric,10,full,10.0,0.1892,0.4189,0.2297,0.49896634595631084,0.7914781693845345,0.6452222576704227
725,5,0.135034460915714,kshape,not_applicable,geometric,10,full,10.0,0.1216,0.3874,0.2658,0.49893107219275534,0.7534981588637559,0.6262146155282556
726,6,0.1320583395920237,kshape,not_applicable,geometric,10,full,10.0,0.0541,0.3604,0.3063,0.4958313426867852,0.7108890057864281,0.6033601742366066
727,7,0.1517618558819126,kshape,not_applicable,geometric,10,full,10.0,0.0631,0.2387,0.1757,0.5163532113112137,0.8482903734876381,0.6823217923994259
728,4,0.0680626086799224,kshape,not_applicable,geometric,10,weekly,10.0,0.2207,0.2928,0.0721,0.42917765696996885,0.9572856391372961,0.6932316480536325
729,5,0.1110042663783558,kshape,not_applicable,geometric,10,weekly,10.0,0.1261,0.2252,0.0991,0.4739028240334058,0.9288795370857443,0.7013911805595751
730,6,0.096804893039772,kshape,not_applicable,geometric,10,weekly,10.0,0.0766,0.2252,0.1486,0.45911370365933507,0.876801683324566,0.6679576934919506
731,7,0.1054661071559923,kshape,not_applicable,geometric,10,weekly,10.0,0.0495,0.2297,0.1802,0.46813464670351296,0.8435560231457128,0.6558453349246128
732,4,0.1128086963522362,kshape,not_applicable,geometric,14,3day,14.0,0.1982,0.3063,0.1081,0.4757821979644923,0.9194108364018938,0.697596517183193
733,5,0.1181274283124874,kshape,not_applicable,geometric,14,3day,14.0,0.1486,0.2748,0.1261,0.4813218344908333,0.9004734350341925,0.6908976347625129
734,6,0.1319230522195204,kshape,not_applicable,geometric,14,3day,14.0,0.0676,0.2568,0.1892,0.49569043638132126,0.8340873224618621,0.6648888794215917
735,7,0.09672671906257,kshape,not_applicable,geometric,14,3day,14.0,0.045,0.2432,0.1982,0.4590322828577692,0.8246186217780116,0.6418254523178903
736,4,0.1179013707299267,kshape,not_applicable,geometric,14,full,14.0,0.1486,0.4144,0.2658,0.48108638798765013,0.7534981588637559,0.617292273425703
737,5,0.1207008180402412,kshape,not_applicable,geometric,14,full,14.0,0.1171,0.2568,0.1396,0.48400210562292145,0.8862703840084166,0.685136244815669
738,6,0.1344770350005728,kshape,not_applicable,geometric,14,full,14.0,0.0946,0.1937,0.0991,0.49835049453189134,0.9288795370857443,0.7136150158088178
739,7,0.1212701081371331,kshape,not_applicable,geometric,14,full,14.0,0.0856,0.3378,0.2523,0.48459504022432554,0.7677012098895317,0.6261481250569286
740,4,0.024605404612906,kshape,not_applicable,geometric,14,weekly,14.0,0.1757,0.3288,0.1532,0.38391553118859534,0.8719621251972646,0.6279388281929299
741,5,0.0073146377460168,kshape,not_applicable,geometric,14,weekly,14.0,0.1577,0.2252,0.0676,0.36590662146723696,0.9620199894792215,0.6639633054732292
742,6,0.0249614916952174,kshape,not_applicable,geometric,14,weekly,14.0,0.0856,0.2027,0.1171,0.3842864077476083,0.9099421357180432,0.6471142717328258
743,7,0.0416657936940939,kshape,not_applicable,geometric,14,weekly,14.0,0.0991,0.1847,0.0856,0.4016844947712751,0.9430825881115202,0.6723835414413977
744,4,0.0819033842121023,kshape,not_applicable,geometric,21,3day,,,,,0.4435932857822413,,
745,5,0.0997263921473437,kshape,not_applicable,geometric,21,3day,,,,,0.4621565423075178,,
746,6,0.1186631447101238,kshape,not_applicable,geometric,21,3day,,,,,0.48187980096597904,,
747,7,0.1271979107626349,kshape,not_applicable,geometric,21,3day,21.0,0.0766,0.1847,0.1081,0.49076904413927736,0.9194108364018938,0.7050899402705856
748,4,0.1035254768931372,kshape,not_applicable,geometric,21,full,,,,,0.4661134156340444,,
749,5,0.1182393612255605,kshape,not_applicable,geometric,21,full,,,,,0.48143841634876366,,
750,6,0.1158005115790574,kshape,not_applicable,geometric,21,full,,,,,0.4788982731934044,,
751,7,0.1326327192179754,kshape,not_applicable,geometric,21,full,21.0,0.0631,0.2027,0.1396,0.496429578202259,0.8862703840084166,0.6913499811053379
752,4,-0.0227055680743864,kshape,not_applicable,geometric,21,weekly,,,,,0.3346395770036676,,
753,5,-0.0256059140842812,kshape,not_applicable,geometric,21,weekly,,,,,0.3316187700114156,,
754,6,-0.0696955674563025,kshape,not_applicable,geometric,21,weekly,,,,,0.2856979272092846,,
755,7,-0.0792187712369717,kshape,not_applicable,geometric,21,weekly,21.0,0.0225,0.2027,0.1802,0.2757791932130159,0.8435560231457128,0.5596676081793643
756,4,0.0576390267306783,kshape,not_applicable,geometric,30,3day,30.0,0.2342,0.2658,0.0315,0.4183211491156767,1.0,0.7091605745578383
757,5,0.0405324849169967,kshape,not_applicable,geometric,30,3day,30.0,0.036,0.3423,0.3063,0.40050411592455953,0.7108890057864281,0.5556965608554938
758,6,0.078400875955592,kshape,not_applicable,geometric,30,3day,30.0,0.1036,0.2342,0.1306,0.439945306749536,0.8957390846922673,0.6678421957209016
759,7,0.0495877996759614,kshape,not_applicable,geometric,30,3day,30.0,0.0856,0.2613,0.1757,0.4099355279173359,0.8482903734876381,0.6291129507024871
760,4,0.0711454264662126,kshape,not_applicable,geometric,30,full,30.0,0.1712,0.2973,0.1261,0.4323885143962529,0.9004734350341925,0.6664309747152227
761,5,0.1224073979147104,kshape,not_applicable,geometric,30,full,30.0,0.1171,0.2838,0.1667,0.4857795654156653,0.8577590741714887,0.671769319793577
762,6,0.0920760040330766,kshape,not_applicable,geometric,30,full,30.0,0.1396,0.2297,0.0901,0.45418840821931716,0.938348237769595,0.6962683229944561
763,7,0.1042126309143514,kshape,not_applicable,geometric,30,full,30.0,0.036,0.2207,0.1847,0.46682910943918227,0.8388216728037875,0.6528253911214849
764,4,0.004536501253432,kshape,not_applicable,geometric,30,weekly,30.0,0.0901,0.473,0.3829,0.36301309975858576,0.6302998421883219,0.49665647097345383
765,5,-0.0817359556973514,kshape,not_applicable,geometric,30,weekly,30.0,0.0946,0.3649,0.2703,0.2731574617393361,0.7487638085218307,0.5109606351305833
766,6,-0.2400344379857114,kshape,not_applicable,geometric,30,weekly,30.0,0.036,0.2568,0.2207,0.10828431883563994,0.800946870068385,0.4546155944520125
767,7,-0.2961006373836018,kshape,not_applicable,geometric,30,weekly,30.0,0.0225,0.2613,0.2387,0.04988950435752776,0.7820094687006839,0.4159494865291058
768,4,0.1501723046469779,kshape,not_applicable,geometric,3,3day,3.0,0.1441,0.4775,0.3333,0.5146976407452702,0.6824829037348764,0.5985902722400733
769,5,0.1216838956764071,kshape,not_applicable,geometric,3,3day,3.0,0.0856,0.4054,0.3198,0.4850260137315144,0.6966859547606523,0.5908559842460833
770,6,0.1640854221092376,kshape,not_applicable,geometric,3,3day,3.0,0.0631,0.2613,0.1982,0.5291886160877404,0.8246186217780116,0.676903618932876
771,7,0.1763725957145889,kshape,not_applicable,geometric,3,3day,3.0,0.0676,0.2973,0.2297,0.5419861167360871,0.7914781693845345,0.6667321430603108
772,4,0.1621196265287171,kshape,not_applicable,geometric,3,full,3.0,0.1396,0.5045,0.3649,0.5271411745015587,0.6492372435560232,0.588189209028791
773,5,0.1740987548821905,kshape,not_applicable,geometric,3,full,3.0,0.1441,0.3784,0.2342,0.5396178357577682,0.7867438190426091,0.6631808274001887
774,6,0.1887141021452332,kshape,not_applicable,geometric,3,full,3.0,0.0946,0.2703,0.1757,0.5548402068320357,0.8482903734876381,0.7015652901598369
775,7,0.1807022043836225,kshape,not_applicable,geometric,3,full,3.0,0.045,0.2928,0.2477,0.5464955484026923,0.7725407680168332,0.6595181582097628
776,4,0.1072378449147666,kshape,not_applicable,geometric,3,weekly,3.0,0.1577,0.3739,0.2162,0.4699799706034487,0.8056812204103103,0.6378305955068795
777,5,0.1175076907270964,kshape,not_applicable,geometric,3,weekly,3.0,0.0766,0.3919,0.3153,0.48067635714953555,0.7014203051025776,0.5910483311260566
778,6,0.1257532850740817,kshape,not_applicable,geometric,3,weekly,3.0,0.0721,0.2793,0.2072,0.48926441835798073,0.815149921094161,0.6522071697260708
779,7,0.1457330355483741,kshape,not_applicable,geometric,3,weekly,3.0,0.0586,0.1937,0.1351,0.5100739940880092,0.891004734350342,0.7005393642191756
780,4,-0.0395476813029828,kshape,not_applicable,geometric,60,3day,,,,,0.31709795499316523,,
781,5,-0.0485762372757263,kshape,not_applicable,geometric,60,3day,,,,,0.30769441316768803,,
782,6,-0.0655476223917705,kshape,not_applicable,geometric,60,3day,,,,,0.29001815017980864,,
783,7,-0.0923479098603155,kshape,not_applicable,geometric,60,3day,,,,,0.26210475794896937,,
784,4,0.0301006837316815,kshape,not_applicable,geometric,60,full,,,,,0.38963904746208133,,
785,5,0.040678488010777,kshape,not_applicable,geometric,60,full,,,,,0.40065618301072004,,
786,6,0.0871795195995517,kshape,not_applicable,geometric,60,full,,,,,0.449088556558935,,
787,7,0.0824811076945621,kshape,not_applicable,geometric,60,full,,,,,0.4441950040356665,,
788,4,0.1186134947419468,kshape,not_applicable,geometric,7,3day,7.0,0.1892,0.3784,0.1892,0.48182808887006967,0.8340873224618621,0.6579577056659659
789,5,0.1292569347323559,kshape,not_applicable,geometric,7,3day,7.0,0.1216,0.3288,0.2072,0.49291358619864806,0.815149921094161,0.6540317536464045
790,6,0.1401525728550198,kshape,not_applicable,geometric,7,3day,7.0,0.1036,0.2252,0.1216,0.5042617562837697,0.9052077853761178,0.7047347708299437
791,7,0.1474329952037049,kshape,not_applicable,geometric,7,3day,7.0,0.0946,0.2342,0.1396,0.5118445587019727,0.8862703840084166,0.6990574713551947
792,4,0.129810747952561,kshape,not_applicable,geometric,7,full,7.0,0.1351,0.4685,0.3333,0.49349040111738185,0.6824829037348764,0.5879866524261291
793,5,0.1463214056384936,kshape,not_applicable,geometric,7,full,7.0,0.1261,0.3784,0.2523,0.5106868011379961,0.7677012098895317,0.6391940055137639
794,6,0.1724031920718831,kshape,not_applicable,geometric,7,full,7.0,0.1081,0.2117,0.1036,0.5378518506043745,0.9241451867438191,0.7309985186740968
795,7,0.1752457813779887,kshape,not_applicable,geometric,7,full,7.0,0.0586,0.2703,0.2117,0.5408125020655068,0.8104155707522357,0.6756140364088712
796,4,0.1220942498624053,kshape,not_applicable,geometric,7,weekly,7.0,0.1622,0.3378,0.1757,0.4854534112868868,0.8482903734876381,0.6668718923872625
797,5,0.1093466241047277,kshape,not_applicable,geometric,7,weekly,7.0,0.1126,0.2658,0.1532,0.47217633438225903,0.8719621251972646,0.6720692297897618
798,6,0.1060752231368233,kshape,not_applicable,geometric,7,weekly,7.0,0.0631,0.2658,0.2027,0.46876906128981033,0.8198842714360863,0.6443266663629483
799,7,0.1078839324830283,kshape,not_applicable,geometric,7,weekly,7.0,0.0631,0.2432,0.1802,0.4706528923297371,0.8435560231457128,0.657104457737725
