Unnamed: 0,clusters,silhouette_score,method,linkage,return_mode,window_size,df_mode,inertia,entropy,silhouette_norm,entropy_norm_clusters,ari_mean,nmi_mean,ari_norm,nmi_norm,stability_score,renormalized_silhouette,renormalized_inertia,renormalized_stability,final_score,exchange_v_measure,sector_v_measure,market_v_measure,region_v_measure
21,5,0.1583679485909457,kshape,not_applicable,geometric,1,full,0.2055304480120889,2.1837,0.9992736941775928,0.9404683998648684,0.8028011476726098,0.7948099724752565,0.9472641149891972,0.9409686640622903,0.9441163895257437,0.9984653618728692,0.37793549089114475,0.05588361047425627,0.4774281544127567,0.5621953834470941,0.24096899337613487,0.6075505533934825,0.5729660498087504
22,6,0.1479958914282822,kshape,not_applicable,geometric,1,full,0.1955946757661963,2.4013,0.9742691682249404,0.9289496460123048,0.6640537314770993,0.6663886777020132,0.7767904352334798,0.7835521698573312,0.7801713025454056,0.9456323847798431,0.41427005173658005,0.21982869745459444,0.5265770446570058,0.5735796458657689,0.27562107212049153,0.6063141216116649,0.5504709411508323
25,9,0.1569849014901252,kshape,not_applicable,geometric,1,full,0.172015467377678,2.8237,0.9959395014920092,0.8907781725798622,0.8457225405616318,0.8429680808844334,1.0,1.0,1.0,0.9914204242437883,0.5004978919765763,0.0,0.4973061054067882,0.5843632485771665,0.3077211384020776,0.6031708559708456,0.5293401457752237
26,10,0.1334239540330476,kshape,not_applicable,geometric,1,full,0.1667120198635153,3.0231,0.9391397449036748,0.9100437798917816,0.6377535778096268,0.7220543820531189,0.7444764354720923,0.851786180749943,0.7981313081110176,0.8714061418533399,0.5198923015529008,0.20186869188898238,0.5310557117650743,0.588119312973298,0.3299951227862618,0.6027922998045575,0.49827644834463036
20,4,0.139017912983354,kshape,not_applicable,geometric,1,full,0.2330429069931536,1.9199,0.9526254295231656,0.95995,0.6833411430201464,0.6727237698256072,0.8004881451358608,0.7913176108951473,0.795902878015504,0.8999005379452498,0.2773239742303949,0.20409712198449603,0.460440544720047,0.5413436580161962,0.19479443617379547,0.5897597804829195,0.5585748962212915
23,7,0.1586692254686537,kshape,not_applicable,geometric,1,full,0.1884694621534645,2.5551,1.0,0.9101449837797074,0.6541609614909422,0.7311990336936111,0.7646355645428378,0.8629955288920381,0.8138155467174379,1.0,0.4403265575764308,0.18618445328256206,0.5421703369529977,0.5405251508624982,0.2976471962946707,0.5686328685405719,0.5049040864394814
19,3,0.1332211922242039,kshape,not_applicable,geometric,1,full,0.257678904434037,1.5071,0.9386509351302684,0.9508742316075436,0.7830823773396345,0.7289498495598619,0.9230364109274263,0.860238519769981,0.8916374653487036,0.8703733178113993,0.18723151580333985,0.10836253465129642,0.3886557894220118,0.4953462511195831,0.15085964127189802,0.5513192064366914,0.5349772999442848
24,8,0.1357401422256559,kshape,not_applicable,geometric,1,full,0.1864563254043562,2.73,0.9447235154966273,0.91,0.5859504846931176,0.6914775028065552,0.6808279427761603,0.8143055966830918,0.747566769729626,0.8832042948912651,0.44768848555650265,0.252433230270374,0.5277753369060473,0.5313089487979302,0.2991089471495458,0.5240314170424436,0.4482551803309226
12,5,0.1352193775601204,kshape,not_applicable,geometric,1,3day,0.2100588079868043,2.0387,0.9434680776032188,0.8780202989442265,0.7652287829225157,0.7395192702825468,0.901100377662031,0.873194324014753,0.887147350838392,0.8805516342653541,0.3613755328970041,0.11285264916160798,0.4515932721079887,0.4655081929442725,0.2359062107129082,0.4958553905834731,0.4118703410437453
13,6,0.1464681270344485,kshape,not_applicable,geometric,1,3day,0.1970372640150795,2.4655,0.9705860970813812,0.9537855962367624,0.5509269124185139,0.5933924835898259,0.637795809944016,0.6940747589050837,0.6659352844245499,0.9378502891013201,0.4089945875646205,0.33406471557545014,0.560303197413797,0.4666907463260897,0.2759183737184846,0.4853729713253011,0.41457945936186735
17,10,0.1217140042769175,kshape,not_applicable,geometric,1,3day,0.1651383556262135,3.0539,0.9109098828821452,0.9193155037582322,0.5644631453073901,0.6888001988974578,0.6544272651009571,0.8110238061043913,0.7327255356026742,0.8117582342566529,0.5256471032497859,0.26727446439732583,0.5348932673012549,0.4908974275363464,0.3674104781145814,0.47509713667568376,0.3649642800800618
11,4,0.1310846668802215,kshape,not_applicable,geometric,1,3day,0.2299257253401344,1.8671,0.933500288293842,0.93355,0.5115342598260417,0.5213711706055024,0.5893955540912181,0.6057923395598427,0.5975939468255305,0.8594903277943733,0.2887233323914803,0.40240605317446954,0.5168732377867744,0.44497747768866786,0.22367958885711822,0.46717599432088935,0.3922519091014814
14,7,0.1386319843704558,kshape,not_applicable,geometric,1,3day,0.1856246754027296,2.539,0.9516950488025672,0.9044100480672684,0.540173701976566,0.6124602338077292,0.624583748750434,0.7174476613273661,0.6710157050389001,0.8979347025044087,0.45072978288482046,0.32898429496109993,0.5592162601167764,0.47640873915933557,0.29597644185853444,0.4630997825438654,0.37628892968044636
16,9,0.112755031654804,kshape,not_applicable,geometric,1,3day,0.1756129621104085,2.8676,0.8893119626310757,0.9046270806707556,0.5333278113130482,0.630370702409862,0.6161724629433478,0.7394019889324105,0.6777872259378792,0.7661231989017552,0.48734205587017154,0.3222127740621208,0.5252260096113491,0.46951289198668533,0.3384722517782601,0.46220669416780596,0.36674909939477374
15,8,0.1107960362663125,kshape,not_applicable,geometric,1,3day,0.1816290651615207,2.722,0.8845892976607177,0.9073333333333332,0.5458280130495642,0.6180667291605428,0.6315309859785438,0.724320001656707,0.6779254938176253,0.7561445074172843,0.4653415050369527,0.32207450618237465,0.5145201728788705,0.471518765037973,0.32957420320755704,0.45520096760793505,0.35223961163878004
8,10,0.104327691522854,kshape,not_applicable,geometric,1,weekly,0.1500360259160125,3.1504,0.8689956799750456,0.9483648983398064,0.5139792302485233,0.6155276260210403,0.5923995963735409,0.7212076150750965,0.6568036057243187,0.7231961824802493,0.5808754744506223,0.34319639427568127,0.5490893504021842,0.4510132576360056,0.3174223751304416,0.437156450636977,0.3305423578471624
5,7,0.1233200082331038,kshape,not_applicable,geometric,1,weekly,0.1763107666679013,2.6758,0.9147815707231144,0.9531391912636458,0.505862033656646,0.5625403243397538,0.5824263052646959,0.6562567416021517,0.6193415234334239,0.8199388650512782,0.48479022381072334,0.38065847656657614,0.5617958551428592,0.43896119731321387,0.29234112838270476,0.4333016703690051,0.35271279048346943
3,5,0.113882310728465,kshape,not_applicable,geometric,1,weekly,0.1998319324446475,2.217,0.89202956034686,0.9548099292487126,0.4868171464245457,0.4634904465878786,0.5590265757705342,0.5348431977295309,0.5469348867500325,0.7718653104753945,0.3987746421407574,0.45306511324996745,0.5412350219553731,0.40835388967831054,0.24127885239936545,0.4226978441652111,0.34474173059847146
6,8,0.1194384769581376,kshape,not_applicable,geometric,1,weekly,0.1708660405237149,2.8247,0.9054241358402544,0.9415666666666668,0.4431896536610903,0.5348380384824367,0.5054231326662524,0.6222997819809111,0.5638614573235817,0.8001671987636725,0.5047012813990709,0.4361385426764183,0.5803356742797204,0.4227624081115391,0.31020741154855375,0.4199047226425634,0.3320268932160855
10,3,0.1005365906753624,kshape,not_applicable,geometric,1,3day,0.265990075228358,1.5335,0.859856251022469,0.96753077710183,0.4477607897426191,0.4146484380592009,0.5110395139283312,0.4749735494279077,0.4930065316781195,0.7038851488934039,0.15683803118538286,0.5069934683218805,0.4559055494668891,0.37027848547423764,0.1612773272548567,0.41304435555304503,0.3932609210653651
7,9,0.1111516968811996,kshape,not_applicable,geometric,1,weekly,0.1580141871290165,2.9792,0.8854467095449572,0.9398329609200432,0.4314219100898669,0.5491487655940213,0.4909645531552556,0.6398416117483747,0.5654030824518151,0.7579561643359196,0.5516997871608476,0.43459691754818486,0.581417623014984,0.424442390455372,0.3083089550119137,0.41020499171679237,0.3047288227708379
4,6,0.1199665389741515,kshape,not_applicable,geometric,1,weekly,0.1885652495840846,2.4359,0.9066971658840496,0.94233475314262,0.3753293633615273,0.4372094953366049,0.42204577174764196,0.5026284842923877,0.4623371280200148,0.8028570304873337,0.4399762683246282,0.5376628719799852,0.5934987235973157,0.41378656759463517,0.29487878399723033,0.4091255222738735,0.3049431952737629
44,10,0.1204315453787678,kshape,not_applicable,geometric,7,3day,0.1258579513400995,3.216,0.9078181840707052,0.9681124660553636,0.2153807196685097,0.3942765429591027,0.22552294912539916,0.45000204985977854,0.33776249949258885,0.8052256708002352,0.669293334689634,0.6622375005074111,0.7122521686657602,0.37680087284828734,0.3321745223360575,0.36360600061583265,0.23662585183849444
107,10,0.1225884217304135,kshape,not_applicable,geometric,14,full,0.1235600655037236,3.1888,0.9130178922737726,0.9599244501733032,0.2294133856853261,0.407973886166091,0.2427643528089014,0.4667920047607429,0.35477817878482215,0.8162123243726036,0.6776965740827451,0.6452218212151779,0.7130435732235089,0.37361395514375434,0.3477702488944725,0.3604732255518904,0.24521712824763897
77,7,0.1232414036194546,kshape,not_applicable,geometric,10,full,0.1544690788453507,2.6741,0.9145920739751534,0.952533639045562,0.3761987224024854,0.4564873320536042,0.42311392017739147,0.5262589069353303,0.4746864135563609,0.8195384704441908,0.5646640489664421,0.5253135864436391,0.6365053686180907,0.3600772020866066,0.31416436163318917,0.35802178932297846,0.2579216966392685
2,4,0.1058271825658399,kshape,not_applicable,geometric,1,weekly,0.2191129980559986,1.9711,0.8726105908950392,0.98555,0.3616378955924633,0.3540050495058691,0.40522358539023823,0.40063798351081653,0.4029307844505274,0.7308342599303477,0.32826486853860193,0.5970692155494726,0.5520561146728074,0.34016303163634953,0.2357062901603581,0.35059175694176414,0.25950598404214864
53,10,0.1147585444252749,kshape,not_applicable,geometric,7,full,0.1413474289492668,3.0424,0.8941419482626671,0.9158536588080964,0.4065484162326516,0.5660115320325101,0.4604034361089698,0.6605116850413674,0.5604575605751686,0.7763286521351707,0.6126491853748228,0.4395424394248314,0.609506758978275,0.3745441710377834,0.35866555154392776,0.34875596118614755,0.22613460406323038
42,8,0.1188454318994872,kshape,not_applicable,geometric,7,3day,0.1423522965993541,2.8535,0.9039944473678948,0.9511666666666666,0.2770724700142974,0.3862297856821851,0.3013212593238256,0.44013848071817124,0.37072987002099844,0.7971463577186004,0.6089744408386042,0.6292701299790016,0.6784636428454021,0.3541888335007403,0.3243019896338771,0.3487502749540442,0.24056599409829293
43,9,0.118517257551598,kshape,not_applicable,geometric,7,3day,0.1299933292793867,3.0734,0.9032032982380646,0.9695497523132588,0.2487444866824361,0.3798864618928591,0.2665157422838817,0.4323629494537827,0.3494393458688322,0.795474709796435,0.6541704899187087,0.6505606541311678,0.7000686179487706,0.3585557798902363,0.3067866664245715,0.3407606699627113,0.23236234874142425
41,7,0.1100605768333072,kshape,not_applicable,geometric,7,3day,0.1532328194575641,2.6934,0.8828162825113313,0.9594084377567468,0.2848579119266655,0.3821006992727214,0.3108869360601446,0.43507712147868677,0.37298202876941566,0.7523982388837196,0.5691849800862997,0.6270179712305843,0.6495337300668679,0.33462321471736944,0.3217789643995609,0.33926191546974427,0.2487349508615493
71,10,0.1093863404648765,kshape,not_applicable,geometric,10,3day,0.1164645159166391,3.2651,0.8811908613910799,0.982893038842465,0.2576782203070593,0.4277545638652551,0.27749228142750704,0.49103880076057105,0.38426554109403904,0.7489638271706014,0.703644600247526,0.615734458905961,0.6894476287746961,0.33516740228990455,0.29284543568576044,0.33892834290258717,0.23354082917811667
49,6,0.1214512966721082,kshape,not_applicable,geometric,7,full,0.1717841506730376,2.4047,0.9102765582658808,0.9302649455569022,0.4150237168348523,0.4747073460572837,0.47081671601219405,0.5485926696799656,0.5097046928460798,0.8104200595195317,0.5013438041685347,0.4902953071539202,0.6006863902806622,0.3253255016293622,0.32644632810088153,0.32887484925478533,0.2346527499488992
106,9,0.1224717555974922,kshape,not_applicable,geometric,14,full,0.1327059275556291,3.0321,0.912736638391088,0.956521052902008,0.2494427474134482,0.4014238200421322,0.2673736687196203,0.4587630524918464,0.36306836060573333,0.8156180527607628,0.6442506704343101,0.6369316393942667,0.6989334541964465,0.3337245755334489,0.35099476920415396,0.32879796755624885,0.21650972711675642
51,8,0.1169562385083475,kshape,not_applicable,geometric,7,full,0.1548348090254877,2.756,0.8994400581626002,0.9186666666666666,0.3814576187949005,0.4922575607646058,0.42957532640787427,0.5701054045939774,0.4998403655009258,0.7875232222505784,0.563326594246836,0.5001596344990742,0.6170031503321628,0.3574473127388806,0.362514169379394,0.32503172868233104,0.17480585728697207
80,10,0.1241887976849979,kshape,not_applicable,geometric,10,full,0.136730649087175,3.1101,0.9168760123615076,0.936233389514548,0.3144139298880098,0.4915081106691852,0.34720129260064125,0.5691867422583344,0.45819401742948784,0.82436428736536,0.6295324899290815,0.5418059825705122,0.6652342532883179,0.3316708307434807,0.38943277803569065,0.32380206086482893,0.20665160604203361
105,8,0.127259925738899,kshape,not_applicable,geometric,14,full,0.1369807354639513,2.8707,0.9242797607137744,0.9569,0.2596810190266947,0.35853362556643,0.279953044135082,0.40618902991984657,0.3430710370274643,0.8400079379523995,0.6286179381007272,0.6569289629725357,0.7085182796752209,0.33860762530573685,0.3636973425721997,0.32295498894981156,0.2339876322794494
47,4,0.1102308110943882,kshape,not_applicable,geometric,7,full,0.2019668762171099,1.9096,0.8832266762193945,0.9548,0.4717765377333812,0.4633703137350173,0.5405467512112383,0.5346959410571102,0.5376213461341742,0.7532653747541733,0.3909672727202087,0.4623786538658258,0.535537100446736,0.30812522363397515,0.22347869642768006,0.3215914861293673,0.21330103153979302
65,4,0.0786853362092191,kshape,not_applicable,geometric,10,3day,0.1741482962109797,1.9322,0.8071781515068293,0.9661,0.246691210410898,0.2592888659827578,0.26399295972574766,0.2845366034320029,0.27426478157887524,0.5925796664265901,0.49269825676970713,0.7257352184211248,0.6036710472058073,0.30731019941483223,0.13098582361657127,0.3196373662779074,0.22303376352375576
50,7,0.1244400055939808,kshape,not_applicable,geometric,7,full,0.1603040901193937,2.6429,0.9174816139872184,0.9414199748077918,0.4038272497525296,0.5136998748942777,0.457060042222336,0.5963890043964432,0.5267245233093896,0.8256438851821419,0.5433257405870243,0.47327547669061043,0.6140817008199255,0.32964597671877005,0.345280646644074,0.3175326120802524,0.21582183773284158
78,8,0.1157447637058952,kshape,not_applicable,geometric,10,full,0.1490427425482406,2.8443,0.8965194848699706,0.9481,0.3898870963450798,0.4805382678662375,0.4399323052677356,0.5557401078892553,0.4978362065784955,0.7813522361594927,0.5845078559172956,0.5021637934215045,0.622674628499431,0.3299722759449302,0.37773724625278315,0.3173517536234906,0.21343769022866982
37,3,0.0811453233798555,kshape,not_applicable,geometric,7,3day,0.2120188112117772,1.526,0.8131085867220141,0.962798803950044,0.2600623675265345,0.2376224736408885,0.2804215925507541,0.2579783326206978,0.269199962585726,0.605110299819474,0.3542079112293004,0.730800037414274,0.5633727494876828,0.29043981825117743,0.1616886053160024,0.31616979771415454,0.24243364472017528
79,9,0.1132762654474763,kshape,not_applicable,geometric,10,full,0.1416877360437706,3.0255,0.8905685314767613,0.9544389847152224,0.3801505343520246,0.5000535445535851,0.4279693614044286,0.5796615801418625,0.5038154707731456,0.7687782491580819,0.6114047014509393,0.4961845292268544,0.6254558266119585,0.33622912823733797,0.36860920130754665,0.3161382022536973,0.21798679380128816
48,5,0.1191842694324687,kshape,not_applicable,geometric,7,full,0.1812851204209891,2.1949,0.9048113028628362,0.9452919773152904,0.5389778590991934,0.5415105960172334,0.6231144620328486,0.6304788819998234,0.626796672016336,0.7988723215594777,0.46659929162797276,0.37320332798366396,0.5462249803903715,0.31504463094713503,0.29031550804613176,0.3142212146634667,0.21537448761427627
18,2,0.0940349290254008,kshape,not_applicable,geometric,1,full,0.3088778085900214,0.998,0.844182314318086,0.998,0.5882831883146942,0.5144174688427814,0.6836940471048296,0.5972686180449085,0.6404813325748691,0.6707671149651356,0.0,0.35951866742513094,0.3434285941300888,0.27943842461785384,0.1306151662065466,0.313354393138399,0.28187035341036676
52,9,0.1103101642803368,kshape,not_applicable,geometric,7,full,0.1470514658694356,2.993,0.8834179775944603,0.944186376219686,0.441599027563223,0.5485669178310784,0.5034687908020634,0.6391283933124043,0.5712985920572339,0.7536695824238506,0.5917898428485124,0.4287014079427661,0.591386944405043,0.33902814797303205,0.3697801254153155,0.30464344193115744,0.18192366282637262
67,6,0.0947459085409548,kshape,not_applicable,geometric,10,3day,0.1474011316818461,2.4949,0.845896314296072,0.9651590687694578,0.2155008218325775,0.2922561445745198,0.22567051409213273,0.324947295666159,0.27530890487914583,0.6743886881853539,0.5905111346190791,0.7246910951208542,0.6631969726417624,0.2978121922859419,0.26756973541080886,0.3023198021277316,0.2113945347339247
104,7,0.0970909918546283,kshape,not_applicable,geometric,14,full,0.1511547075474241,2.7471,0.8515497440504857,0.9785367637044478,0.2903289956213044,0.3925153058136034,0.31760904876862456,0.4478431573069695,0.382726103037797,0.6863340266123872,0.5767845185795274,0.6172738969622029,0.6267974807180392,0.30357679211124305,0.3209402044090033,0.29937046823671487,0.20165453637810526
70,9,0.097696540724686,kshape,not_applicable,geometric,10,3day,0.1271144155735039,3.0746,0.8530095761936657,0.9699283101654016,0.214374006948657,0.3590204396972564,0.22428603944797249,0.40678575785300936,0.3155358986504909,0.6894185593216391,0.6646985155845948,0.6844641013495091,0.6795270587519143,0.29136182312622527,0.318574018373963,0.29183621375261376,0.183488966861864
76,6,0.1067619763746175,kshape,not_applicable,geometric,10,full,0.1685483578720443,2.4376,0.8748641531040964,0.9429924029149188,0.3480826596730862,0.395601981244843,0.3885687819315785,0.45162674807353415,0.42009776500255636,0.735595893915902,0.5131769166333978,0.5799022349974436,0.6095583485155812,0.31909057671212765,0.26180123205047523,0.29175308087085655,0.17126060647146954
1,3,0.0922789419529256,kshape,not_applicable,geometric,1,weekly,0.2487250326219726,1.5558,0.8399490533904195,0.9816005106064736,0.3513815085020696,0.315037103221353,0.3926219521761487,0.3528717816413603,0.37274686690875447,0.6618225031759053,0.219975321931965,0.6272531330912455,0.5030169860663719,0.2876318001202563,0.15769806110731996,0.29060467123687556,0.2026731355501485
100,3,0.0883384817107118,kshape,not_applicable,geometric,14,full,0.2020235597592609,1.5335,0.8304495549932733,0.96753077710183,0.1701692520129274,0.169731209082026,0.16997333624076588,0.17475845173670435,0.1723658939887351,0.6417506656948824,0.3907599841914211,0.8276341060112649,0.6200482519658561,0.2660713918948233,0.15373553437585402,0.28959237657566217,0.2325253803748056
103,6,0.0885529351728458,kshape,not_applicable,geometric,14,full,0.1606369243654134,2.52,0.8309665505203389,0.9748690742310449,0.2918110066155588,0.3625899038764272,0.31942993938090797,0.4111611423113844,0.3652955408461462,0.6428430444462482,0.5421085844501727,0.6347044591538538,0.6065520293500916,0.29107034772273055,0.24486971846688033,0.28607179586753184,0.1617072324286161
74,4,0.0910567182828319,kshape,not_applicable,geometric,10,full,0.1972749964484555,1.9174,0.8370025671727368,0.9587,0.2828639120736093,0.2994042328255183,0.30843698418569776,0.3337092926132127,0.3210731383994552,0.6555967647180551,0.40812521341315433,0.6789268616005448,0.5808829465772515,0.2660017513975685,0.200197091536502,0.2839429685349764,0.23326533827945464
101,4,0.085957272810471,kshape,not_applicable,geometric,14,full,0.1854242170521929,1.9907,0.8247090351705433,0.99535,0.2863253571563656,0.3042096912437551,0.31268993027082204,0.33959973639500324,0.32614483333291266,0.6296213114783437,0.4514628478096493,0.6738551666670873,0.5849797753183601,0.28457336299760194,0.20699223471930508,0.277792530047264,0.2095929393326368
69,8,0.0981591943187753,kshape,not_applicable,geometric,10,3day,0.1309437638653449,2.8503,0.854124922322121,0.9501,0.2331149247955854,0.3633134331255843,0.24731229330529553,0.4120480313437537,0.3296801623245246,0.6917752149353891,0.6506948040395985,0.6703198376754754,0.670929952216821,0.2938731996160082,0.27240005801120376,0.2750830039945736,0.1385816393606028
134,10,0.1085330726746742,kshape,not_applicable,geometric,30,full,0.098528771278761,3.2474,0.8791338387320188,0.9775648079192124,0.245958707727903,0.4273312915931527,0.26309296150433836,0.4905199612854967,0.3768064613949175,0.7446174687860514,0.7692346106387743,0.6231935386050824,0.7123485393433028,0.2946433736999828,0.29800036738043884,0.27109332603812697,0.1527285574553277
75,5,0.1076961009042431,kshape,not_applicable,geometric,10,full,0.179591060388845,2.238,0.8771161018426853,0.9638541369682536,0.3766109960691902,0.4116761114675277,0.4236204651708529,0.4713301253951604,0.44747529528300667,0.7403541187407128,0.47279437398195934,0.5525247047169933,0.5885577324798885,0.27636026534549557,0.2880213289856129,0.2701187073427356,0.20591110582186406
102,5,0.0994922950272156,kshape,not_applicable,geometric,14,full,0.1738562325271132,2.2417,0.857338706312985,0.9654476402331252,0.3191403391376489,0.3662415327071158,0.35300845210609877,0.41563724270952895,0.38432284740781386,0.698565736631052,0.49376631725152575,0.6156771525921861,0.6026697354915881,0.2629191112430463,0.26730030060389726,0.26890006316511966,0.19254327318175404
45,2,0.104348739997434,kshape,not_applicable,geometric,7,full,0.2546929459739617,0.9084,0.8690464227660508,0.9084,0.4036124083948156,0.3258518205510638,0.45679607480717627,0.36612826601855564,0.4114621704128659,0.7233033987786064,0.1981509981208215,0.5885378295871341,0.5033307421621873,0.24407583193312515,0.07476473284883367,0.26888215359879736,0.16297941895473667
133,9,0.105116102197574,kshape,not_applicable,geometric,30,full,0.1099639711832724,3.0199,0.8708963477855113,0.952672381405222,0.1951405111643889,0.3572908773923611,0.20065457379033416,0.4046656917453875,0.30266013276786086,0.727212172988605,0.7274167270935925,0.6973398672321391,0.7173229224381122,0.2774648976658941,0.27870630452250694,0.26643022296280316,0.1883672996350002
66,5,0.0742164685019895,kshape,not_applicable,geometric,10,3day,0.1595346065870188,2.2706,0.7964047902717377,0.9778941927614464,0.2105202542694537,0.2545560878065802,0.2195510799214721,0.2787352497728678,0.24914316484716995,0.5698162375806972,0.5461396986302146,0.7508568351528301,0.622270923787914,0.2680904436929352,0.202118971042645,0.266306986288099,0.15171182269942873
40,6,0.0962829137496212,kshape,not_applicable,geometric,7,3day,0.1622299691865052,2.4575,0.8496016628134139,0.950690773778886,0.2483483055373137,0.3239396816112342,0.26602896956039057,0.36378440078286983,0.31490668517163023,0.6822178545414407,0.5362829090472977,0.6850933148283698,0.6345313594723694,0.2733532744051965,0.2624946134420884,0.26622045430196056,0.16652289680182902
38,4,0.0771138214999623,kshape,not_applicable,geometric,7,3day,0.1877694023613293,1.9864,0.8033896089143301,0.9932,0.2386919082990119,0.2500527706539376,0.25416452108607357,0.2732151652750922,0.26368984318058286,0.584574716267388,0.44288663690225216,0.7363101568194171,0.5879238366630192,0.27394965004037775,0.2304540942415638,0.2640834434752038,0.17564224203739978
73,3,0.0970278054324313,kshape,not_applicable,geometric,10,full,0.2130387695494206,1.5236,0.8513974168400873,0.9612845725414728,0.3149655471855844,0.2905218162994929,0.3478790438201806,0.32282138751878103,0.3353502156694808,0.6860121688801968,0.35047798089658433,0.6646497843305192,0.5670466447024335,0.2688684555110023,0.19723403889117458,0.2638277175673358,0.21082057245184307
39,5,0.0981800563614831,kshape,not_applicable,geometric,7,3day,0.1719307054260883,2.2711,0.8541752156708879,0.978109531040483,0.2765223011892307,0.3075911900382569,0.30064528778743427,0.34374471629361486,0.32219500204052454,0.6918814815908083,0.5008078616710495,0.6778049979594755,0.6234981137404444,0.26819625199774877,0.29493612411097664,0.26298334177998556,0.18730812042591188
98,10,0.0986986675148927,kshape,not_applicable,geometric,14,3day,0.103921910158291,3.24,0.8554254619664295,0.9753371859512991,0.2338541843972096,0.4022722439539693,0.24822059349595305,0.4598030351367565,0.35401181431635476,0.6945231726997727,0.7495122047787593,0.6459881856836452,0.6966745210540591,0.2790496928635251,0.2866680096613266,0.251654074779968,0.13049605885256488
46,3,0.1050321071226856,kshape,not_applicable,geometric,7,full,0.2213921004474202,1.5116,0.8706938559367869,0.9537134154986152,0.4558224314837355,0.4082926921886873,0.5209445469023786,0.4671827914016746,0.4940636691520266,0.7267843205579916,0.3199303191483098,0.5059363308479734,0.5175503235180916,0.24184170625647358,0.18223728215684787,0.24987669305960056,0.16870478802225508
132,8,0.0958333814461346,kshape,not_applicable,geometric,30,full,0.1143582364801894,2.8724,0.8485179489490564,0.9574666666666666,0.1631442890764318,0.3016378098643401,0.1613420311341942,0.3364471708413434,0.2488946009877688,0.679928035895032,0.7113471458018293,0.7511053990122312,0.7141268602363642,0.2574504250315867,0.26956790356741644,0.24744038903067683,0.11583931201799948
96,8,0.1030288156973839,kshape,not_applicable,geometric,14,3day,0.1119467447688161,2.8081,0.8658644039149646,0.9360333333333334,0.1936831583022668,0.3292134170448827,0.1988639796883265,0.3702488500379196,0.28455641486312305,0.716579994808167,0.7201658354966719,0.715443585136877,0.7173964718139052,0.2522190504650208,0.2770048156616343,0.24307754437967546,0.12690495139745375
68,7,0.0765646395825976,kshape,not_applicable,geometric,10,3day,0.1458445943771875,2.6864,0.8020656638868282,0.9569149874469908,0.2322637759897339,0.3368132749424225,0.24626651909967912,0.37956461802483327,0.3129155685622562,0.5817773044131147,0.5962033040855932,0.6870844314377438,0.6216883466454839,0.24903477161397664,0.24765612633822215,0.24127235770919145,0.1459659908278675
64,3,0.0779241124085133,kshape,not_applicable,geometric,10,3day,0.1937441845389473,1.5039,0.8053430246865643,0.9488552563961148,0.1857861061282563,0.1838648566064183,0.18916117166320656,0.19208322055753696,0.19062219611037176,0.5887021598727188,0.42103719418172003,0.8093778038896282,0.6063723859813557,0.22515811050631027,0.11252080657542597,0.2364254924731139,0.10703522113556994
9,2,0.0964183636252246,kshape,not_applicable,geometric,1,3day,0.3001150379324833,0.9872,0.8499281997652156,0.9872,0.4012573003089646,0.3300944328022974,0.45390244296431925,0.3713287831760835,0.41261561307020134,0.6829078064056444,0.03204495994385681,0.5873843869297987,0.43411238442643335,0.2100188642023163,0.10730362369781758,0.23483725943831704,0.2618348216987176
0,2,0.0834308697497937,kshape,not_applicable,geometric,1,weekly,0.2918610113951709,0.9144,0.8186184872775982,0.9144,0.2908133815070604,0.2278557574486325,0.318204195306346,0.2460064690322295,0.2821053321692878,0.6167523701546307,0.062229471224678035,0.7178946678307122,0.465625503070007,0.20928341346488558,0.0732438143753551,0.23423135865995884,0.19214860616016183
97,9,0.0868936125953478,kshape,not_applicable,geometric,14,3day,0.1110445281116854,3.0572,0.8269663243547691,0.96443922130933,0.2106001837641457,0.3540502718087335,0.21964928625536134,0.40069341618955845,0.31017135122245987,0.6343908203259965,0.7234651911192641,0.6898286487775401,0.6825615534076003,0.23343591798668345,0.297484721328979,0.22272015561180072,0.09366910994757954
34,9,0.0766699340223944,kshape,not_applicable,geometric,7,weekly,0.1017687973959344,2.9884,0.8023195033625734,0.9427352377864716,0.1726794268963086,0.3295500364392448,0.17305749276730897,0.3706614719869152,0.2718594823771121,0.5823136511222162,0.7573860171744964,0.7281405176228879,0.6892800619732001,0.21850013394582607,0.22007428804853432,0.211159053608421,0.08220695262966658
35,10,0.1077424574833659,kshape,not_applicable,geometric,7,weekly,0.0982337793616143,3.2294,0.87722785636424,0.9721462679972608,0.1896723850098579,0.3586954047695216,0.19393609489903826,0.40638733593312043,0.30016171541607933,0.7405902489552398,0.7703133795051711,0.6998382845839206,0.7369139710147771,0.23719987059097278,0.27734908404198183,0.21085111414754484,0.11099990801628988
62,10,0.0539780976368832,kshape,not_applicable,geometric,10,weekly,0.0813129263738607,3.2449,0.7476149637600216,0.9768122329300526,0.1505642474547869,0.3278253183330266,0.1458854118649751,0.36854734381018184,0.25721637783757845,0.46672642930569663,0.8321919881552797,0.7427836221624216,0.6805673465411326,0.21614036766098033,0.22661614341173622,0.21045300531309222,0.09858470071297583
131,7,0.0821641272934641,kshape,not_applicable,geometric,30,full,0.1212552372837155,2.6883,0.8155646770133588,0.957591781102496,0.1846772538054078,0.2934078229848914,0.18779876693550127,0.32635900217583363,0.25707888455566746,0.6102998627948621,0.6861252013827298,0.7429211154443325,0.6797820598739749,0.19911812519710775,0.21280270764219095,0.20531814973353266,0.12938534043067187
129,5,0.0704779250518533,kshape,not_applicable,geometric,30,full,0.1367239451376174,2.3002,0.7873920645165661,0.9906422188804188,0.2032658495513281,0.2505880069836245,0.2106378684134936,0.27387124826147863,0.2422545583374861,0.5507729198121315,0.6295570058959411,0.7577454416625139,0.6460251224568622,0.2032368725570056,0.1716145984976232,0.20040137005045347,0.11997611994322523
92,4,0.0847902689017467,kshape,not_applicable,geometric,14,3day,0.1491141720288916,1.9187,0.8218956704671955,0.95935,0.1887384109323949,0.2234420225580463,0.192788556428432,0.24059619284670275,0.21669237463756738,0.6236768503352785,0.5842466423199384,0.7833076253624326,0.6637437060058832,0.20395674932331023,0.14144695239841876,0.19812083276206996,0.1574959699456502
94,6,0.0814133090718516,kshape,not_applicable,geometric,14,3day,0.1237893286376728,2.5419,0.8137546355323289,0.9833411507094814,0.1746878968505075,0.2420297084014498,0.1755252235053619,0.26338064106472026,0.2194529322850411,0.6064753599714229,0.6768581716834212,0.7805470677149589,0.6879601997899343,0.20242447921274073,0.18823166297688626,0.19199486973411792,0.11789646221027723
130,6,0.0814877746853188,kshape,not_applicable,geometric,30,full,0.130027723260897,2.5117,0.8139341541500265,0.971658195930998,0.1614404304064063,0.2473189095234615,0.15924856470989962,0.26986404788009444,0.21455630629499703,0.6068546714222596,0.6540447130608082,0.785443693705003,0.6821143593960236,0.20129722080209375,0.2100888487233864,0.19160658995174593,0.09880779815302826
33,8,0.0725314450320796,kshape,not_applicable,geometric,7,weekly,0.1066226951862479,2.8549,0.792342605458887,0.9516333333333334,0.1922765822878969,0.3158824495149716,0.1971357731703191,0.3539079917976709,0.275521882483995,0.5612330987692928,0.739635585679594,0.724478117516005,0.6751156006549639,0.20295798506782933,0.28239586249335363,0.19073257357364992,0.10125299782559997
95,7,0.0836440331961495,kshape,not_applicable,geometric,14,3day,0.1208016752345772,2.7097,0.8191323728880389,0.9652146149066078,0.1875114266035736,0.3012472357052633,0.19128100739240508,0.3359684121202335,0.2636247097563193,0.6178381778494557,0.6877838523122948,0.7363752902436806,0.6806657734684771,0.18836891664193894,0.20359182970249534,0.19041137106500522,0.1013927437252275
161,10,0.0649117076820917,kshape,not_applicable,geometric,60,full,0.0694071410737407,3.2952,0.7739732581508125,0.9919540417119508,0.1325105503400612,0.3225036536862089,0.12370352001622409,0.3620241437948286,0.24286383190552635,0.5224198332277245,0.8757307760515834,0.7571361680944737,0.7184289257912605,0.2111874465732959,0.2655784993470624,0.1894470465259582,0.0911351298039423
99,2,0.080817707378065,kshape,not_applicable,geometric,14,full,0.2335366819391052,0.9946,0.8123187836298403,0.9946,0.2337340278962844,0.1864940072115595,0.2480729617675868,0.19530598568951102,0.2216894737285489,0.603441495989486,0.27551826699661175,0.7783105262714511,0.5524234297525163,0.16832371799881846,0.12700688942527277,0.18551777754709975,0.09716309680945003
61,9,0.0677859032068479,kshape,not_applicable,geometric,10,weekly,0.0847325720116996,3.0763,0.7809022497158097,0.9704646004559372,0.1478092374184974,0.3070524081209149,0.14250043568647533,0.34308428719018025,0.24279236143832778,0.537060352841032,0.8196865361961478,0.7572076385616722,0.7046515091996174,0.1992000874091678,0.22519204563385772,0.18245476014848994,0.08935750597501806
89,10,0.0559618634491609,kshape,not_applicable,geometric,14,weekly,0.0637595341336262,3.2876,0.7523973442424238,0.9896662137449046,0.1420411091946882,0.32971807427768,0.1354133556486751,0.3708674497218925,0.2531404026852838,0.4768312958788655,0.896383757311447,0.7468595973147162,0.706691550168343,0.21356337712192408,0.2681758345793703,0.18021400260801332,0.07465716421845323
93,5,0.07218863907143,kshape,not_applicable,geometric,14,3day,0.1370199999601071,2.2861,0.7915161830428361,0.9845696794115838,0.1984377470517163,0.2443978516692213,0.20470576227476156,0.2662834681359307,0.23549461520534612,0.5594869206310207,0.6284743500444261,0.7645053847946539,0.6508222184900335,0.1854470191467757,0.1648454982466102,0.17651831099159385,0.09393893786800232
30,5,0.0887718362834985,kshape,not_applicable,geometric,7,weekly,0.1285730665093107,2.2654,0.8314942682542984,0.9756546746594648,0.1967587545650307,0.240424198005808,0.2026428479853583,0.2614126355377724,0.23202774176156535,0.6439580785405823,0.6593643110690643,0.7679722582384346,0.6904315492826938,0.18271368435586252,0.16563430587451677,0.17152837321402487,0.09080657300466707
160,9,0.0709618359070849,kshape,not_applicable,geometric,60,full,0.0712519817992439,3.1245,0.7885586567700262,0.9856700075170094,0.1376585155811611,0.299751702488103,0.1300286293549681,0.3341352146242253,0.2320819219895967,0.5532378552370489,0.8689842971738452,0.7679180780104033,0.7300467434737659,0.1996718487919965,0.23422819979270026,0.1710743475582289,0.0772401436488907
72,2,0.0848323970060326,kshape,not_applicable,geometric,10,full,0.2471060798968972,0.9946,0.8219972311566934,0.9946,0.3177487873863417,0.2514570481769846,0.35129870532939794,0.27493650319618396,0.31311760426279095,0.6238914416293491,0.22589574108402977,0.686882395737209,0.5122231928168626,0.1550634555092049,0.14490794954930517,0.17107268244009538,0.08132212213558884
124,9,0.0808978565158126,kshape,not_applicable,geometric,30,3day,0.0656405720854891,3.1453,0.8125120038525466,0.9922316769541528,0.1268204561642534,0.2878375303257025,0.1167123174489656,0.3195310384518,0.2181216779503828,0.6038497580624997,0.8895049072107124,0.7818783220496173,0.7584109957742765,0.1965405216990187,0.2520786122469842,0.17051809134776835,0.08857445836606781
36,2,0.0788769882469674,kshape,not_applicable,geometric,7,3day,0.2362051341965155,0.9824,0.807640178304079,0.9824,0.1949859876247867,0.1541110678041594,0.20046471658702777,0.15561156583051872,0.17803814120877326,0.5935558997389785,0.26575988702266506,0.8219618587912267,0.5604258818509568,0.15505293493465985,0.12907088215211526,0.1694956979572016,0.10015348672157973
125,10,0.0524891099617115,kshape,not_applicable,geometric,30,3day,0.0650633837267449,3.275,0.7440253739242624,0.9858732357995384,0.1335133361069607,0.3191798613085393,0.12493560479572821,0.35794989937546046,0.24144275208559435,0.4591418537002588,0.8916156526083575,0.7585572479144056,0.7031049180743407,0.19273782664992853,0.2486856025060639,0.16731255511167717,0.08071171037562443
128,4,0.0664815046735719,kshape,not_applicable,geometric,30,full,0.1566321221791622,1.8345,0.777757659740418,0.91725,0.1695027517462414,0.203329982187787,0.16915443268107708,0.21594321849392856,0.1925488255875028,0.5304160337105105,0.55675392102886,0.8074511744124973,0.6315403763839559,0.17127224919494063,0.1357262788841253,0.16723909387747765,0.08460108259119778
63,2,0.0777548960020724,kshape,not_applicable,geometric,10,3day,0.2238133156032237,0.9703,0.804935084780323,0.9703,0.1768697266092257,0.1442639049770671,0.17820595484990173,0.14354109221597272,0.1608735235329372,0.5878402087298502,0.3110760713635138,0.8391264764670627,0.5793475855201423,0.15574541730438662,0.06593668135989328,0.16005969822461907,0.11491523108827961
32,7,0.0743363368153984,kshape,not_applicable,geometric,7,weekly,0.1121852047279097,2.7345,0.7966937638385556,0.9740485531468868,0.166783332521503,0.2712517565755345,0.16581318558076102,0.2992004977728716,0.23250684167681632,0.570426820395388,0.7192938008245338,0.7674931583231837,0.6857379265143685,0.16547509522585332,0.16496536740180442,0.15994554584529178,0.06999223333912301
123,8,0.0640196017898345,kshape,not_applicable,geometric,30,3day,0.071816409512387,2.9365,0.7718226062034094,0.9788333333333332,0.1344733388550561,0.2668323813555874,0.1261151237052034,0.293783307773902,0.2099492157395527,0.5178756420965915,0.8669202167401853,0.7900507842604473,0.724948881032408,0.18077068588836706,0.23368554387212473,0.15894301246272646,0.09238778137991355
157,6,0.0681094756279412,kshape,not_applicable,geometric,60,full,0.0887840889037864,2.5639,0.7816823047110633,0.9918519124686412,0.132597342503865,0.224953948796625,0.12381015825096242,0.24244948461107718,0.1831298214310198,0.53870855956063,0.8048703665629628,0.8168701785689803,0.720149701564191,0.17237132267183441,0.17210442039037172,0.15684237963795342,0.07121523249565369
59,7,0.068911849938713,kshape,not_applicable,geometric,10,weekly,0.0954034066655979,2.7563,0.7836166354771581,0.9818138698258416,0.117749806606002,0.2266379818102808,0.10556755489864345,0.24451374173917412,0.17504064831890878,0.5427956777587092,0.7806638934253327,0.8249593516810912,0.7161396409550443,0.16554231843614914,0.19391581033099176,0.1531749173253468,0.041836433072070606
31,6,0.0729834898246223,kshape,not_applicable,geometric,7,weekly,0.1173084307569709,2.5322,0.7934323763278313,0.9795886784793062,0.1632697172211336,0.2360911718692797,0.16149613993101763,0.2561012906793116,0.2087987153051646,0.5635357154821472,0.7005584510931835,0.7912012846948354,0.6850984837567221,0.15677664431565555,0.16877657067223467,0.15137042003569412,0.0807473960297562
88,9,0.0609960282449404,kshape,not_applicable,geometric,14,weekly,0.065104936393823,3.1287,0.7645335002924617,0.9869949599995096,0.1341531082862216,0.2942436691863962,0.12572166856970335,0.32738356729151596,0.22655261793060966,0.502474223715337,0.8914636968395582,0.7734473820693903,0.7224617675414285,0.18697979105551654,0.23438672413301098,0.14635655371031198,0.05349521006568084
122,7,0.0639016982414164,kshape,not_applicable,geometric,30,3day,0.0747472738699318,2.7703,0.7715383692106803,0.986800770445354,0.1207947051072365,0.2374307883332006,0.10930870602218351,0.2577433682467588,0.18352603713447116,0.51727506736247,0.8562022104601045,0.8164739628655289,0.7299837468960345,0.17047230099197774,0.25420489696232174,0.14320451805044002,0.09802654649992264
152,10,-0.0174265502320118,kshape,not_applicable,geometric,60,3day,0.035446067919315,3.1066,0.575475595187616,0.935179784529724,0.1155864622646564,0.3093182489154338,0.10290953588423368,0.3458617137449393,0.2243856248145865,0.10300686374324143,0.9999245124182634,0.7756143751854135,0.6261819171156394,0.1651796444058494,0.18335211487478298,0.1425098281891059,0.06141301309064236
29,4,0.0729840390064449,kshape,not_applicable,geometric,7,weekly,0.1377410833198209,1.9997,0.7934337002726304,0.99985,0.1173215082474614,0.1415701112562282,0.10504132097504473,0.14023908872508328,0.12264020485006401,0.5635385128935189,0.6258373887132137,0.877359795149936,0.6889118989188895,0.14594891823283698,0.1067582089083281,0.13876043498389062,0.05079696507357824
159,8,0.0592224677101217,kshape,not_applicable,geometric,60,full,0.0767924296605918,2.938,0.7602578739894067,0.9793333333333334,0.1455481076455186,0.286009084013752,0.1397222714267406,0.3172897621215975,0.22850601677416904,0.49344009657549875,0.8487231906441209,0.771493983225831,0.7045524234818169,0.1666523882872199,0.21277181979798288,0.1372789196242583,0.07520797407682624
158,7,0.0499749250617994,kshape,not_applicable,geometric,60,full,0.0826649941994601,2.7856,0.737964281067397,0.9922507404081066,0.143864077156351,0.2531157633176637,0.13765316713506362,0.27696972613472726,0.20731144663489542,0.44633514899920435,0.8272475520852293,0.7926885533651046,0.6887570848165128,0.16779619403159327,0.2285478276659559,0.13587665251423645,0.08415951779785139
150,8,0.0067471539571228,kshape,not_applicable,geometric,60,3day,0.0387248296849099,2.7639,0.6337525603343968,0.9213,0.127642599163174,0.2728857130653861,0.11772245332143405,0.3012033720062302,0.20946291266383213,0.22614239410606912,0.9879342648641345,0.7905370873361679,0.6682045821021237,0.15336086759964596,0.19214910086638656,0.13442766611619147,0.08184790668215199
151,9,-0.0191526008406408,kshape,not_applicable,geometric,60,3day,0.0354254256602075,2.9807,0.5713145038474703,0.9403061582352216,0.1408506833710268,0.312668481035061,0.1339507246592098,0.3499683675205127,0.24195954608986125,0.09421474171412589,1.0,0.7580404539101387,0.6174183985414216,0.14953129367732793,0.20621966465483302,0.13108043920957205,0.05798961779554951
90,2,0.0817180704682877,kshape,not_applicable,geometric,14,3day,0.202719083776375,0.998,0.8144893416882094,0.998,0.1743833301427214,0.1412534638289186,0.1751510139609173,0.13985094805110776,0.15750098100601254,0.6080277474702798,0.38821649194000185,0.8424990189939875,0.6129144194680897,0.12362156959729662,0.07416935383959493,0.1298464256214219,0.07927998024127282
58,6,0.0703555768885787,kshape,not_applicable,geometric,10,weekly,0.1006943961070195,2.5695,0.7870971126303702,0.9940182881891548,0.131641853079876,0.2209262854440304,0.12263618469137155,0.2375124479153894,0.18007431630338047,0.5501497051878496,0.7613150423210451,0.8199256836966196,0.7104634770685049,0.1380916848190229,0.17694768002948963,0.12859196567512798,0.04814129106153549
127,3,0.054000459316814,kshape,not_applicable,geometric,30,full,0.1717189463697563,1.5795,0.7476688723721132,0.996553545766117,0.1368929580008113,0.1375354302620443,0.12908801783681764,0.13529344993160075,0.1321907338842092,0.46684033478317494,0.5015822526420229,0.8678092661157908,0.612077284513663,0.1338792136227833,0.05483829067216433,0.12751942759677468,0.07690331570851555
114,8,-0.0157743070237606,kshape,not_applicable,geometric,30,weekly,0.0386779324600761,2.7273,0.5794587547029268,0.9091,0.1372947921612373,0.2739237218037268,0.12958173620547425,0.3024757442933359,0.21602874024940508,0.11142302711417558,0.9881057653803536,0.7839712597505949,0.6278333507483747,0.14238251191915693,0.17815441666278933,0.12747587757741116,0.08123082662905241
60,8,0.0618867749393584,kshape,not_applicable,geometric,10,weekly,0.0888794916665972,2.8797,0.7666808755419917,0.9599,0.1203135708314572,0.2570215208215887,0.10871755461412325,0.2817573328518858,0.19523744373300453,0.5070114913917321,0.8045214840197258,0.8047625562669954,0.7054318438928178,0.15211002776823587,0.2035332622817245,0.12554619848624318,0.07332911681389186
148,6,0.0297370601122953,kshape,not_applicable,geometric,60,3day,0.0408765066904753,2.4583,0.6891756741960673,0.9510002560246736,0.1091364439808838,0.2139157329223798,0.09498464343234853,0.22891903977115147,0.16195184160175,0.34324791774696817,0.9800657029503126,0.83804815839825,0.7204539263651769,0.153217804738263,0.17509095592819976,0.12411100696209745,0.05940637705139172
113,7,-0.0146313006288642,kshape,not_applicable,geometric,30,weekly,0.0404278991085906,2.4965,0.5822142671935556,0.8892712426151774,0.1149056039643547,0.2387926357367703,0.10207299115405219,0.25941269609686807,0.18074284362546011,0.11724525020181195,0.9817062356715061,0.8192571563745399,0.639402880749286,0.12924131381629567,0.17529841107901686,0.12229994699985791,0.06658076773838621
57,5,0.0691103828613738,kshape,not_applicable,geometric,10,weekly,0.1153514217491361,2.2003,0.7840952504268518,0.9476176307288868,0.142663010308634,0.1923400889279733,0.1361774619235561,0.2024720066384394,0.16932473428099776,0.5438069607848872,0.707715123077048,0.8306752657190022,0.6940657831936458,0.13202925158623136,0.12122407623704276,0.12053254874790255,0.062068951179795044
111,5,0.0053910874828117,kshape,not_applicable,geometric,30,weekly,0.0461544364021787,2.2321,0.6304834114260691,0.9613131452756208,0.1135065348048092,0.1795449245819462,0.10035400802340863,0.18678792622417212,0.14357096712379036,0.2192348898520624,0.9607646105438219,0.8564290328762096,0.678809511090698,0.12574738755840206,0.15038204586725587,0.11922139105618895,0.060843889993906046
87,8,0.0492530823259286,kshape,not_applicable,geometric,14,weekly,0.0689523800527499,2.9473,0.7362240924876631,0.9824333333333332,0.1317363863464628,0.2787498622552901,0.12275233412504227,0.3083915397365081,0.2155719369307752,0.4426582409248532,0.8773938115538469,0.7844280630692249,0.7014933718493083,0.16049281141863783,0.2093349470969887,0.1172637574452467,0.05398321740967162
86,7,0.0538185728390514,kshape,not_applicable,geometric,14,weekly,0.0744586154263539,2.7278,0.7472303879825339,0.9716619649932628,0.1138360875815756,0.2308386905121079,0.10075891700167688,0.249662894285763,0.17521090564371994,0.4659138450847037,0.8572578181695168,0.8247890943562801,0.7159869192035003,0.13675372065468308,0.17789329800066225,0.11395678365823285,0.06286077427553356
115,9,-0.0376486376038896,kshape,not_applicable,geometric,30,weekly,0.0354900006501265,2.9456,0.5267250242471571,0.9292333410600426,0.084737263856536,0.2480379167546492,0.06500629765213559,0.2707453939048439,0.16787584577848974,0.0,0.9997638528901188,0.8321241542215103,0.6106293357038765,0.13203317099571438,0.17006016726526654,0.11274985417457062,0.05034028474306155
121,6,0.0634522439958087,kshape,not_applicable,geometric,30,3day,0.0868410414815779,2.5421,0.7704548435250254,0.9834185212709282,0.1408136977254191,0.2349045870702631,0.1339052818014055,0.2546467965514654,0.19427603917643543,0.5149856463257221,0.8119759818126469,0.8057239608235646,0.7108951963206445,0.13177530010711228,0.1730455317788549,0.11032842559377086,0.06476799971802462
27,2,0.0824397681774271,kshape,not_applicable,geometric,7,weekly,0.1803218269227574,0.998,0.8162291806435041,0.998,0.1107245575898974,0.0879408584320946,0.09693589829692334,0.07450132318306017,0.08571861073999176,0.6117039168103704,0.4701220018267679,0.9142813892600082,0.6653691026323821,0.12461238784503083,0.04357872163037848,0.11017602653905594,0.08418032367326414
120,5,0.0680108802149791,kshape,not_applicable,geometric,30,3day,0.0953080683710745,2.2773,0.7814446149718379,0.980779725700538,0.1352012132856804,0.1909809427042355,0.12700943536873574,0.200805989845582,0.16390771260715886,0.5382063362202829,0.781012540211665,0.8360922873928411,0.718437054608263,0.12002600050014257,0.1686317396628476,0.10789589538174146,0.05134070275670009
110,4,0.030936008725702,kshape,not_applicable,geometric,30,weekly,0.0531011341357235,1.8644,0.6920660498707927,0.9322,0.1310391488116037,0.1709738225541391,0.12189566485154926,0.17628162479594883,0.14908864482374906,0.3493550981871081,0.9353609272439481,0.8509113551762509,0.7118757935357691,0.10871239961047885,0.10379339562387874,0.10714381122918552,0.049781318418550095
91,3,0.0703677449792283,kshape,not_applicable,geometric,14,3day,0.1711769508022692,1.5637,0.7871264469594884,0.986584855659688,0.1111751414646881,0.1191527148184728,0.09748951358779062,0.11276025071254649,0.10512488215016855,0.550211686764356,0.503564299979406,0.8948751178498314,0.6495503681978644,0.11499911667977017,0.08716703605927445,0.09768154364341257,0.06584956650261044
112,6,0.014622542424897,kshape,not_applicable,geometric,30,weekly,0.0448411633246979,2.4428,0.6527382207719942,0.9450040375125384,0.1299327474503557,0.2214150418391204,0.12053627152725915,0.23811155664086342,0.1793239140840613,0.26625789019245477,0.9655671763997496,0.8206760859159388,0.6841670508360478,0.09858717208583449,0.14807589233819154,0.0965207673234109,0.043868920813483286
156,5,0.0734968822878964,kshape,not_applicable,geometric,60,full,0.0956768861758802,2.2937,0.7946700416212741,0.9878428212529416,0.1358630207066618,0.1987836192822691,0.12782257300717192,0.21037036929291575,0.16909647115004384,0.5661508237317944,0.7796637942221288,0.8309035288499562,0.7255727156012931,0.11469507214290527,0.22217235824289708,0.09590537969656736,0.03259166395458856
126,2,0.0776029704528211,kshape,not_applicable,geometric,30,full,0.1991520875682132,1.0,0.8045688289566664,1.0,0.1509537702495511,0.1217120058910245,0.14636400372630834,0.11589738329637929,0.13113069351134382,0.5870663334091151,0.40126079665566905,0.8688693064886561,0.6190654788511467,0.09871657712175694,0.05627989309160024,0.09576092312263745,0.07707576180700795
146,4,0.0435870134598967,kshape,not_applicable,geometric,60,3day,0.0532600190292981,1.9284,0.7225645682690529,0.9642,0.1339251770608908,0.1821414349594842,0.12544161813144064,0.18997068155708274,0.15770614984426168,0.4137965327880945,0.9347798941153563,0.8422938501557383,0.7302900923530631,0.10244491216536128,0.09844890926592995,0.09454717802963027,0.04195667418139086
139,6,-0.0195868987499506,kshape,not_applicable,geometric,60,weekly,0.0555803309027655,2.4695,0.5702675164298141,0.9553330074657004,0.0816621412617326,0.1754310015476563,0.06122801133293386,0.18174515397498692,0.1214865826539604,0.09200252371973319,0.9262946439646456,0.8785134173460396,0.6322701950101395,0.11621112943973341,0.18562018325524196,0.0939746752709278,0.04435828002384638
56,4,0.0596817375613522,kshape,not_applicable,geometric,10,weekly,0.1277734084174487,1.9856,0.7613650627306819,0.9928,0.1462114260458987,0.1731545512451854,0.1405372655481672,0.17895472247778438,0.1597459940129758,0.495779516147628,0.6622886157808914,0.8402540059870243,0.6661073793051812,0.09712350610710074,0.1173662381433543,0.08986832619068627,0.06743196353836936
83,4,0.0459857157905624,kshape,not_applicable,geometric,14,weekly,0.0973391659440578,1.9493,0.7283472605295356,0.97465,0.1252650315714011,0.1653172326331806,0.114801226336808,0.1693478794534442,0.1420745528951261,0.42601499469025633,0.7735849305078409,0.8579254471048738,0.6858417907676571,0.11499367174783535,0.08697477382414058,0.08979139739368497,0.04339946129405619
154,3,0.0718252682265075,kshape,not_applicable,geometric,60,full,0.1169274522614706,1.5838,0.7906401836552692,0.9992665437064744,0.1053278119861473,0.1053771134798807,0.09030512197687726,0.09587436841307821,0.09308974519497773,0.5576359894970147,0.7019516680453213,0.9069102548050223,0.7221659707824527,0.10280663562207029,0.08974606484953762,0.08957927713120663,0.06791795795318921
109,3,0.0579367125257154,kshape,not_applicable,geometric,30,weekly,0.0658806007573449,1.4337,0.7571582286275421,0.9045639876953986,0.1200766400907886,0.1364814275616936,0.10842644681322475,0.1340014725359147,0.12121395967456973,0.4868907425621496,0.8886271358441435,0.8787860403254303,0.7514346395772411,0.08747675485301967,0.07085241584742424,0.08922974012068104,0.04561170033324089
149,7,0.0185153238432117,kshape,not_applicable,geometric,60,3day,0.0405772395276666,2.5494,0.6621227770346264,0.9081146028131916,0.123987132401853,0.2580514290873614,0.11323112017005485,0.28301977572662024,0.19812544794833753,0.2860868622349848,0.9811601061498836,0.8018745520516625,0.6897071734788436,0.10036132445396324,0.15056587509553415,0.08837289265919027,0.05564095464604162
147,5,0.0304921501462361,kshape,not_applicable,geometric,60,3day,0.0465366403201033,2.2568,0.6909960139853838,0.9719508562600336,0.1409660774484087,0.2250922137420947,0.134092504978676,0.24261896727379062,0.1883557361262333,0.3470941802425098,0.9593669122907308,0.8116442638737666,0.7060351188023358,0.09776070806935397,0.13381138898601114,0.08720649579073468,0.05184513708581042
85,6,0.0586162785983631,kshape,not_applicable,geometric,14,weekly,0.0821033152337539,2.4663,0.7587964983780433,0.95409507848255,0.1552960721656786,0.2322602636741605,0.15169922514195955,0.2514054328874903,0.20155232901472492,0.4903523026158905,0.8293015805039554,0.798447670985275,0.7060338513683737,0.11254238027329228,0.14359424757056338,0.0861043149570247,0.02112041034029195
28,3,0.0742553021855786,kshape,not_applicable,geometric,7,weekly,0.1601255670611277,1.5756,0.7964984089082254,0.9940929197271884,0.081145812192595,0.0870153488828694,0.06059361741919998,0.07336685036179254,0.06698023389049626,0.5700140478205873,0.5439785893804898,0.9330197661095038,0.6823374677701937,0.09692232393697828,0.08108532043045412,0.07280371687823571,0.04286561230276039
54,2,0.0679428408513581,kshape,not_applicable,geometric,10,weekly,0.1580752144475831,0.9971,0.7812805884911906,0.9971,0.1111731362798749,0.0880172357999239,0.09748704989338053,0.07459494517543706,0.0860409975344088,0.5378597586722385,0.5514766136857703,0.9139590024655913,0.6677651249412001,0.09198727308716262,0.06307623566940417,0.07074305724876474,0.04880105896723075
84,5,0.0435032288865616,kshape,not_applicable,geometric,14,weekly,0.0891045116448667,2.2405,0.7223625838887575,0.9649308283634372,0.13202460965982,0.1708279460696778,0.12310646316157978,0.1761028120467752,0.14960463760417747,0.41336975260607844,0.8036985986023137,0.8503953623958225,0.689154571201405,0.09652835605146058,0.10100373096863435,0.06998348156442784,0.022280547151478116
153,2,0.0767819411523434,kshape,not_applicable,geometric,60,full,0.1409749570890889,0.993,0.8025895255137985,0.993,0.0516278466681091,0.0435781628923414,0.024326014462393825,0.020122335510644004,0.022224174986518914,0.5828841907980054,0.6140112940395461,0.977775825013481,0.7248904366170108,0.06883094345056943,0.04671540647394963,0.06430327607821028,0.07149230651564972
137,4,0.0002424062209707,kshape,not_applicable,geometric,60,weekly,0.0677114945846258,1.8962,0.6180711838212052,0.9481,0.0873323127193379,0.1389589777006812,0.06819473561313052,0.13703840856576144,0.10261657208944598,0.19300864033375717,0.8819316599895747,0.897383427910554,0.6574412427446287,0.09334665780256624,0.15303101702599495,0.061872124060876145,0.025049712196703273
155,4,0.0617265484557444,kshape,not_applicable,geometric,60,full,0.1112274372244248,1.9623,0.7662946081694737,0.98115,0.1071094453104785,0.1405710290016765,0.09249414716453319,0.13901443181587197,0.11575428949020258,0.5061953329377518,0.722796302771027,0.8842457105097974,0.7044124487395255,0.05931831224458206,0.12317582255568983,0.05590454659541187,0.018679583726206386
117,2,0.0856669792897902,kshape,not_applicable,geometric,30,3day,0.1351543180879853,0.9994,0.8240092075704912,0.9994,0.0719778953002488,0.0577825150771794,0.04932934619031762,0.037533772822017544,0.04343155950616758,0.6281426201553155,0.6352970438243543,0.9565684404938324,0.7400027014911674,0.05836767028680062,0.05273471003757628,0.05436340392098499,0.023357967741597117
81,2,0.0869009472630552,kshape,not_applicable,geometric,14,weekly,0.1263915620624725,0.9988,0.8269840064679862,0.9988,0.0581357547609887,0.0408256603679342,0.03232203392369963,0.016748367833028306,0.02453520087836397,0.6344281815095008,0.6673419502597168,0.9754647991216361,0.7590783102969513,0.05467506750815523,0.046262857176091486,0.053054227763437115,0.032296520743330795
136,3,0.0121476538153898,kshape,not_applicable,geometric,60,weekly,0.0787855048274149,1.5037,0.6467718617849738,0.9487290704454008,0.0821020359752961,0.1003499335576965,0.0617684932574447,0.08971214243268204,0.07574031784506337,0.2536513521486259,0.841434626743273,0.9242596821549366,0.6731152203489451,0.07783238858329541,0.09821716239400805,0.05247483001940238,0.03260897066345185
55,3,0.0745329025413325,kshape,not_applicable,geometric,10,weekly,0.1334741992116311,1.5846,0.7971676363518323,0.9997712875093316,0.115162171995095,0.1177865762107396,0.10238822654731056,0.11108566278219485,0.1067369446647527,0.5714280829542691,0.6414411441549243,0.8932630553352473,0.7020440941481468,0.05804083490202014,0.11436410268871303,0.05236695962217476,0.03713268367360257
118,3,0.0755039531897172,kshape,not_applicable,geometric,30,3day,0.1125597542963128,1.5721,0.7995086050485994,0.9918846655896884,0.0901687620633344,0.0983832500455188,0.07167977317541863,0.08730141744938111,0.07949059531239987,0.5763744013034346,0.7179240940975705,0.9205094046876001,0.738269300029535,0.06958030740244132,0.09581459606134723,0.04967867440042389,0.028106274696214052
145,3,0.0796741464950199,kshape,not_applicable,geometric,60,3day,0.0650553522918944,1.5411,0.8095619344021413,0.9723258432289732,0.1079412674435061,0.1252936922272219,0.09351617542140284,0.12028774945318797,0.10690196243729541,0.5976164484612205,0.8916450231143463,0.8930980375627046,0.7941198363794238,0.05208946954999243,0.08455859614673546,0.04045736398816879,0.028236560889156714
119,4,0.063345612691338,kshape,not_applicable,geometric,30,3day,0.105640534794172,1.8903,0.7701977811912772,0.94515,0.1316661229993045,0.1658121683479794,0.12266600421944493,0.1699545626769549,0.1463102834481999,0.5144424899221129,0.7432272910491097,0.8536897165518,0.703786499174341,0.04900827483299512,0.1095440376557282,0.04001951731300805,0.010866149929481398
144,2,0.1391421607217419,kshape,not_applicable,geometric,60,3day,0.0755954041833914,0.9021,0.9529249608263926,0.9021,0.1007743460729392,0.0934781823961887,0.08471045137938668,0.08128887447853592,0.0829996629289613,0.9005334285872084,0.8531006455573868,0.9170003370710387,0.8902114704052112,0.041312927801697395,0.0820232112207377,0.027202969147845604,0.005083437719520906
108,2,0.1264970768084765,kshape,not_applicable,geometric,30,weekly,0.0724999162241991,0.8598,0.922440716098077,0.8598,0.0536826837446568,0.0467602255218562,0.026850714722353702,0.024022850175001664,0.025436782448677683,0.8361221533453176,0.8644206710990433,0.9745632175513224,0.891702013998561,0.034012854349885845,0.06678776424444328,0.02716973916086009,0.009361607612475136
82,3,0.0697804698431889,kshape,not_applicable,geometric,14,weekly,0.1089613976385091,1.5813,0.7857106683776556,0.9976892193225456,0.1068404478949488,0.1230045814497661,0.09216364025833243,0.11748179897534745,0.10482271961683995,0.5472202364355472,0.7310830822155394,0.89517728038316,0.7244935330114156,0.0446363952898208,0.08387595356250559,0.02492608181289533,0.005117766065685543
135,2,0.0418595641398139,kshape,not_applicable,geometric,60,weekly,0.1056541274897536,0.8956,0.718400104973248,0.8956,0.0318290621412058,0.0271622441337015,0.0,0.0,0.0,0.40499728603058227,0.7431775833250959,1.0,0.716058289785226,0.03602767075096374,0.08309587106103755,0.02268849672074979,0.00041617989772581375
